near-normal,DATE,D0,D1,D2,D3,D4,-9,W0,W1,W2,W3,W4
0,d_18950101,0,0,0,0,0,100,0,0,0,0,0
0,d_18950201,0,0,0,0,0,100,0,0,0,0,0
0,d_18950301,0,0,0,0,0,100,0,0,0,0,0
0,d_18950401,0,0,0,0,0,100,0,0,0,0,0
0,d_18950501,0,0,0,0,0,100,0,0,0,0,0
0,d_18950601,0,0,0,0,0,100,0,0,0,0,0
0,d_18950701,0,0,0,0,0,100,0,0,0,0,0
0,d_18950801,0,0,0,0,0,100,0,0,0,0,0
43.8,d_18950901,0,0,0,0,0,0,56.2,0,0,0,0
100,d_18951001,0,0,0,0,0,0,0,0,0,0,0
100,d_18951101,0,0,0,0,0,0,0,0,0,0,0
13.9,d_18951201,86.2,19.7,0,0,0,0,0,0,0,0,0
100,d_18960101,0,0,0,0,0,0,0,0,0,0,0
0,d_18960201,100,11.3,0,0,0,0,0,0,0,0,0
88.2,d_18960301,11.8,0,0,0,0,0,0,0,0,0,0
88.5,d_18960401,11.5,0,0,0,0,0,0,0,0,0,0
76.2,d_18960501,23.8,0,0,0,0,0,0,0,0,0,0
85.7,d_18960601,14.3,0,0,0,0,0,0,0,0,0,0
55.4,d_18960701,44.6,0,0,0,0,0,0,0,0,0,0
88.2,d_18960801,11.8,0,0,0,0,0,0,0,0,0,0
100,d_18960901,0,0,0,0,0,0,0,0,0,0,0
100,d_18961001,0,0,0,0,0,0,0,0,0,0,0
0,d_18961101,0,0,0,0,0,0,100,43.2,0,0,0
60.7,d_18961201,0,0,0,0,0,0,39.3,0,0,0,0
13.2,d_18970101,0,0,0,0,0,0,86.8,0,0,0,0
0,d_18970201,0,0,0,0,0,0,100,0,0,0,0
0,d_18970301,0,0,0,0,0,0,100,0.6,0,0,0
93.7,d_18970401,0,0,0,0,0,0,6.3,0,0,0,0
99,d_18970501,0,0,0,0,0,0,1,0,0,0,0
99,d_18970601,0,0,0,0,0,0,1,0,0,0,0
99.4,d_18970701,0,0,0,0,0,0,0.6,0,0,0,0
100,d_18970801,0,0,0,0,0,0,0,0,0,0,0
99.1,d_18970901,0,0,0,0,0,0,0.9,0,0,0,0
87,d_18971001,0,0,0,0,0,0,13,0,0,0,0
88.8,d_18971101,11.2,0,0,0,0,0,0,0,0,0,0
0,d_18971201,100,100,78.5,39.4,0,0,0,0,0,0,0
0,d_18980101,99.9,99.3,51.8,4.9,0,0,0,0,0,0,0
0,d_18980201,100,100,98.4,61.2,0,0,0,0,0,0,0
0,d_18980301,100,100,100,82,6.2,0,0,0,0,0,0
0,d_18980401,100,100,100,97.1,37.6,0,0,0,0,0,0
0,d_18980501,100,100,99.1,64.3,1.4,0,0,0,0,0,0
0,d_18980601,100,100,99.4,66.1,1.4,0,0,0,0,0,0
0,d_18980701,100,100,100,99.9,38.8,0,0,0,0,0,0
0,d_18980801,100,100,99.6,66.2,0.7,0,0,0,0,0,0
0,d_18980901,100,99,0,0,0,0,0,0,0,0,0
0,d_18981001,100,70.8,0,0,0,0,0,0,0,0,0
0,d_18981101,100,91.3,0,0,0,0,0,0,0,0,0
0,d_18981201,99.9,98.9,0.4,0,0,0,0,0,0,0,0
83.4,d_18990101,16.6,0,0,0,0,0,0,0,0,0,0
0,d_18990201,100,100,98.9,9.6,0,0,0,0,0,0,0
0,d_18990301,100,100,26,0,0,0,0,0,0,0,0
0,d_18990401,100,100,64.7,1.1,0,0,0,0,0,0,0
0,d_18990501,100,100,85.5,5.5,0,0,0,0,0,0,0
0,d_18990601,100,100,98.6,9.9,0,0,0,0,0,0,0
0,d_18990701,100,100,84.7,1.8,0,0,0,0,0,0,0
0,d_18990801,100,99.6,0,0,0,0,0,0,0,0,0
2.6,d_18990901,97.4,1,0,0,0,0,0,0,0,0,0
3.6,d_18991001,96.4,0,0,0,0,0,0,0,0,0,0
100,d_18991101,0,0,0,0,0,0,0,0,0,0,0
100,d_18991201,0,0,0,0,0,0,0,0,0,0,0
100,d_19000101,0,0,0,0,0,0,0,0,0,0,0
0,d_19000201,100,71.2,0,0,0,0,0,0,0,0,0
0,d_19000301,100,100,0,0,0,0,0,0,0,0,0
0,d_19000401,100,100,1,0,0,0,0,0,0,0,0
0,d_19000501,100,75.6,0,0,0,0,0,0,0,0,0
0,d_19000601,100,70.3,0,0,0,0,0,0,0,0,0
0,d_19000701,100,99.4,0,0,0,0,0,0,0,0,0
0,d_19000801,100,100,0,0,0,0,0,0,0,0,0
0,d_19000901,100,98.7,0,0,0,0,0,0,0,0,0
0,d_19001001,100,98.7,0,0,0,0,0,0,0,0,0
0,d_19001101,0,0,0,0,0,0,100,63.2,0,0,0
17.9,d_19001201,0,0,0,0,0,0,82.1,9.1,0,0,0
0,d_19010101,0,0,0,0,0,0,100,18.3,0,0,0
64.5,d_19010201,0,0,0,0,0,0,35.5,0,0,0,0
100,d_19010301,0,0,0,0,0,0,0,0,0,0,0
100,d_19010401,0,0,0,0,0,0,0,0,0,0,0
100,d_19010501,0,0,0,0,0,0,0,0,0,0,0
100,d_19010601,0,0,0,0,0,0,0,0,0,0,0
100,d_19010701,0,0,0,0,0,0,0,0,0,0,0
100,d_19010801,0,0,0,0,0,0,0,0,0,0,0
100,d_19010901,0,0,0,0,0,0,0,0,0,0,0
100,d_19011001,0,0,0,0,0,0,0,0,0,0,0
100,d_19011101,0,0,0,0,0,0,0,0,0,0,0
100,d_19011201,0,0,0,0,0,0,0,0,0,0,0
7.1,d_19020101,92.9,0,0,0,0,0,0,0,0,0,0
99.6,d_19020201,0.4,0,0,0,0,0,0,0,0,0,0
100,d_19020301,0,0,0,0,0,0,0,0,0,0,0
100,d_19020401,0,0,0,0,0,0,0,0,0,0,0
89.9,d_19020501,10.1,0,0,0,0,0,0,0,0,0,0
41,d_19020601,59,0,0,0,0,0,0,0,0,0,0
0,d_19020701,100,65.6,0,0,0,0,0,0,0,0,0
0,d_19020801,100,0.2,0,0,0,0,0,0,0,0,0
100,d_19020901,0,0,0,0,0,0,0,0,0,0,0
100,d_19021001,0,0,0,0,0,0,0,0,0,0,0
76.8,d_19021101,0,0,0,0,0,0,23.2,0,0,0,0
99,d_19021201,0,0,0,0,0,0,1,0,0,0,0
100,d_19030101,0,0,0,0,0,0,0,0,0,0,0
95.2,d_19030201,4.8,0,0,0,0,0,0,0,0,0,0
100,d_19030301,0,0,0,0,0,0,0,0,0,0,0
85.7,d_19030401,0,0,0,0,0,0,14.3,0,0,0,0
96.4,d_19030501,0,0,0,0,0,0,3.6,0,0,0,0
93.3,d_19030601,0,0,0,0,0,0,6.7,0,0,0,0
89.4,d_19030701,0,0,0,0,0,0,10.6,0,0,0,0
100,d_19030801,0,0,0,0,0,0,0,0,0,0,0
100,d_19030901,0,0,0,0,0,0,0,0,0,0,0
48.6,d_19031001,0,0,0,0,0,0,51.4,0,0,0,0
0,d_19031101,0,0,0,0,0,0,100,57.3,0,0,0
0,d_19031201,100,96,0,0,0,0,0,0,0,0,0
0,d_19040101,100,100,100,100,100,0,0,0,0,0,0
0,d_19040201,100,100,83.1,26.4,0,0,0,0,0,0,0
0,d_19040301,100,76.8,0,0,0,0,0,0,0,0,0
0,d_19040401,100,32.5,0,0,0,0,0,0,0,0,0
0,d_19040501,100,62.3,0,0,0,0,0,0,0,0,0
0,d_19040601,100,49.6,0,0,0,0,0,0,0,0,0
0,d_19040701,100,23.6,0,0,0,0,0,0,0,0,0
81,d_19040801,19,0,0,0,0,0,0,0,0,0,0
100,d_19040901,0,0,0,0,0,0,0,0,0,0,0
0.5,d_19041001,0,0,0,0,0,0,99.5,4.3,0,0,0
91.8,d_19041101,0,0,0,0,0,0,8.2,0,0,0,0
100,d_19041201,0,0,0,0,0,0,0,0,0,0,0
100,d_19050101,0,0,0,0,0,0,0,0,0,0,0
10.4,d_19050201,0,0,0,0,0,0,89.6,4.2,0,0,0
0,d_19050301,0,0,0,0,0,0,100,100,0,0,0
0,d_19050401,0,0,0,0,0,0,100,80.8,0,0,0
0,d_19050501,0,0,0,0,0,0,100,100,0,0,0
0,d_19050601,0,0,0,0,0,0,100,90.7,0,0,0
0,d_19050701,0,0,0,0,0,0,100,99.8,0,0,0
0,d_19050801,0,0,0,0,0,0,100,100,1,0,0
0,d_19050901,0,0,0,0,0,0,100,100,1.3,0,0
0,d_19051001,0,0,0,0,0,0,99.9,99.9,76,1,0
0,d_19051101,0,0,0,0,0,0,100,100,0,0,0
25,d_19051201,75,0,0,0,0,0,0,0,0,0,0
100,d_19060101,0,0,0,0,0,0,0,0,0,0,0
2.3,d_19060201,97.7,0,0,0,0,0,0,0,0,0,0
96.2,d_19060301,0,0,0,0,0,0,3.8,0,0,0,0
97.7,d_19060401,0,0,0,0,0,0,2.3,0,0,0,0
67.1,d_19060501,0,0,0,0,0,0,32.9,0,0,0,0
70,d_19060601,0,0,0,0,0,0,30,0,0,0,0
22.8,d_19060701,0,0,0,0,0,0,77.1,0.1,0,0,0
27.4,d_19060801,0,0,0,0,0,0,72.6,0,0,0,0
0,d_19060901,0,0,0,0,0,0,100,88.7,0,0,0
0,d_19061001,0,0,0,0,0,0,100,99.3,0,0,0
0,d_19061101,0,0,0,0,0,0,100,100,77.7,0,0
0,d_19061201,0,0,0,0,0,0,100,99.7,15.8,0,0
0,d_19070101,0,0,0,0,0,0,100,100,100,100,44.1
0,d_19070201,0,0,0,0,0,0,100,100,97.6,0.3,0
0,d_19070301,0,0,0,0,0,0,100,100,100,91.8,0
0,d_19070401,0,0,0,0,0,0,100,100,100,34,0
0,d_19070501,0,0,0,0,0,0,100,100,100,19.6,0
0,d_19070601,0,0,0,0,0,0,100,100,100,28.6,0
0,d_19070701,0,0,0,0,0,0,100,100,100,80.8,0
0,d_19070801,0,0,0,0,0,0,100,100,100,95.7,0
0,d_19070901,0,0,0,0,0,0,100,100,31.6,0,0
0,d_19071001,0,0,0,0,0,0,100,1.3,0,0,0
0,d_19071101,0,0,0,0,0,0,100,93.1,0,0,0
30.8,d_19071201,69.2,0.2,0,0,0,0,0,0,0,0,0
100,d_19080101,0,0,0,0,0,0,0,0,0,0,0
64,d_19080201,0,0,0,0,0,0,36,0,0,0,0
100,d_19080301,0,0,0,0,0,0,0,0,0,0,0
100,d_19080401,0,0,0,0,0,0,0,0,0,0,0
100,d_19080501,0,0,0,0,0,0,0,0,0,0,0
100,d_19080601,0,0,0,0,0,0,0,0,0,0,0
97,d_19080701,3,0,0,0,0,0,0,0,0,0,0
100,d_19080801,0,0,0,0,0,0,0,0,0,0,0
100,d_19080901,0,0,0,0,0,0,0,0,0,0,0
100,d_19081001,0,0,0,0,0,0,0,0,0,0,0
13.7,d_19081101,86.3,44.6,0,0,0,0,0,0,0,0,0
100,d_19081201,0,0,0,0,0,0,0,0,0,0,0
0,d_19090101,0,0,0,0,0,0,99.9,94.5,0,0,0
0,d_19090201,0,0,0,0,0,0,100,100,31.3,0,0
0,d_19090301,0,0,0,0,0,0,100,100,48.5,0.4,0
0,d_19090401,0,0,0,0,0,0,100,100,15.6,0,0
0,d_19090501,0,0,0,0,0,0,100,99.7,8.6,0,0
0,d_19090601,0,0,0,0,0,0,100,95.9,3.2,0,0
0,d_19090701,0,0,0,0,0,0,100,98.9,10.3,0,0
0,d_19090801,0,0,0,0,0,0,100,99.7,6.2,0,0
0,d_19090901,0,0,0,0,0,0,100,100,21.9,0,0
0,d_19091001,0,0,0,0,0,0,100,15,0,0,0
100,d_19091101,0,0,0,0,0,0,0,0,0,0,0
0,d_19091201,0,0,0,0,0,0,100,100,2.9,0,0
0,d_19100101,0,0,0,0,0,0,100,81.4,0,0,0
99.7,d_19100201,0,0,0,0,0,0,0.3,0,0,0,0
100,d_19100301,0,0,0,0,0,0,0,0,0,0,0
100,d_19100401,0,0,0,0,0,0,0,0,0,0,0
100,d_19100501,0,0,0,0,0,0,0,0,0,0,0
100,d_19100601,0,0,0,0,0,0,0,0,0,0,0
100,d_19100701,0,0,0,0,0,0,0,0,0,0,0
100,d_19100801,0,0,0,0,0,0,0,0,0,0,0
3.8,d_19100901,96.2,23.2,0,0,0,0,0,0,0,0,0
2,d_19101001,97.9,27.8,0,0,0,0,0,0,0,0,0
86.6,d_19101101,13.4,0,0,0,0,0,0,0,0,0,0
0,d_19101201,100,97.7,16.3,0,0,0,0,0,0,0,0
9.8,d_19110101,0,0,0,0,0,0,90.2,55.8,0,0,0
12.7,d_19110201,0,0,0,0,0,0,87.3,38.5,0,0,0
0,d_19110301,0,0,0,0,0,0,100,95.6,7.8,0,0
0,d_19110401,0,0,0,0,0,0,100,89.6,3.4,0,0
0,d_19110501,0,0,0,0,0,0,100,87.2,3,0,0
0.1,d_19110601,0,0,0,0,0,0,99.9,85.6,0,0,0
0.1,d_19110701,0,0,0,0,0,0,99.9,86.5,0,0,0
0,d_19110801,0,0,0,0,0,0,100,93.8,4.2,0,0
0,d_19110901,0,0,0,0,0,0,100,100,51.7,0,0
0,d_19111001,0,0,0,0,0,0,100,2.4,0,0,0
12.7,d_19111101,0,0,0,0,0,0,87.3,1,0,0,0
0,d_19111201,100,100,10.4,0,0,0,0,0,0,0,0
0,d_19120101,100,100,99.8,55.8,0,0,0,0,0,0,0
0,d_19120201,100,100,100,100,99.8,0,0,0,0,0,0
51.8,d_19120301,48.2,0,0,0,0,0,0,0,0,0,0
85.4,d_19120401,14.6,0,0,0,0,0,0,0,0,0,0
97,d_19120501,3,0,0,0,0,0,0,0,0,0,0
96.7,d_19120601,3.3,0,0,0,0,0,0,0,0,0,0
100,d_19120701,0,0,0,0,0,0,0,0,0,0,0
100,d_19120801,0,0,0,0,0,0,0,0,0,0,0
100,d_19120901,0,0,0,0,0,0,0,0,0,0,0
3.6,d_19121001,0,0,0,0,0,0,96.5,20.4,0,0,0
0,d_19121101,0,0,0,0,0,0,100,100,84.1,18,0
0,d_19121201,100,29,0,0,0,0,0,0,0,0,0
0.4,d_19130101,99.6,5.3,0,0,0,0,0,0,0,0,0
86.8,d_19130201,0,0,0,0,0,0,13.2,0,0,0,0
100,d_19130301,0,0,0,0,0,0,0,0,0,0,0
100,d_19130401,0,0,0,0,0,0,0,0,0,0,0
99.7,d_19130501,0.3,0,0,0,0,0,0,0,0,0,0
100,d_19130601,0,0,0,0,0,0,0,0,0,0,0
100,d_19130701,0,0,0,0,0,0,0,0,0,0,0
100,d_19130801,0,0,0,0,0,0,0,0,0,0,0
26.8,d_19130901,0,0,0,0,0,0,73.2,0,0,0,0
11.6,d_19131001,0,0,0,0,0,0,88.4,0,0,0,0
66.8,d_19131101,33.2,0,0,0,0,0,0,0,0,0,0
100,d_19131201,0,0,0,0,0,0,0,0,0,0,0
0,d_19140101,0,0,0,0,0,0,100,100,99.6,71.4,4.4
0,d_19140201,0,0,0,0,0,0,100,100,100,99.2,52.5
0,d_19140301,0,0,0,0,0,0,99.9,99.9,98.9,42.6,0
0,d_19140401,0,0,0,0,0,0,99.9,99.9,98.1,4.4,0
0,d_19140501,0,0,0,0,0,0,100,100,98.6,14,0
0,d_19140601,0,0,0,0,0,0,100,100,98.5,14.3,0
0,d_19140701,0,0,0,0,0,0,100,100,99.6,59.4,0
0,d_19140801,0,0,0,0,0,0,100,100,86.1,0,0
0,d_19140901,0,0,0,0,0,0,100,100,95.1,0.4,0
39.1,d_19141001,0,0,0,0,0,0,60.9,0,0,0,0
0,d_19141101,100,99,37.4,0.8,0,0,0,0,0,0,0
98.7,d_19141201,0,0,0,0,0,0,1.2,0.6,0,0,0
4.8,d_19150101,0,0,0,0,0,0,95.2,43.3,0,0,0
0,d_19150201,0,0,0,0,0,0,100,100,9,0,0
0,d_19150301,0,0,0,0,0,0,100,42.9,0,0,0
0,d_19150401,0,0,0,0,0,0,100,48.5,0,0,0
0,d_19150501,0,0,0,0,0,0,100,72.2,0,0,0
0,d_19150601,0,0,0,0,0,0,100,74.4,0,0,0
0,d_19150701,0,0,0,0,0,0,99.9,83.9,0,0,0
0,d_19150801,0,0,0,0,0,0,100,100,19.9,0,0
0,d_19150901,0,0,0,0,0,0,100,87.3,0,0,0
0,d_19151001,0,0,0,0,0,0,100,18.6,0,0,0
74.1,d_19151101,25.9,0,0,0,0,0,0,0,0,0,0
96.6,d_19151201,0,0,0,0,0,0,3.4,0,0,0,0
0,d_19160101,0,0,0,0,0,0,99.9,99.9,80.3,57,0
14,d_19160201,0,0,0,0,0,0,86.1,72.1,0.4,0,0
23.2,d_19160301,0,0,0,0,0,0,76.7,51.4,0,0,0
30.9,d_19160401,0,0,0,0,0,0,69.1,15.6,0,0,0
36.4,d_19160501,0,0,0,0,0,0,63.6,5.5,0,0,0
35.6,d_19160601,0,0,0,0,0,0,64.4,6.2,0,0,0
27.2,d_19160701,0,0,0,0,0,0,72.8,41,0,0,0
19.4,d_19160801,0,0,0,0,0,0,80.6,54.1,0,0,0
5.2,d_19160901,0,0,0,0,0,0,94.8,62.3,0,0,0
100,d_19161001,0,0,0,0,0,0,0,0,0,0,0
69.5,d_19161101,30.5,0,0,0,0,0,0,0,0,0,0
0,d_19161201,0,0,0,0,0,0,100,45.5,0,0,0
0,d_19170101,0,0,0,0,0,0,100,22.8,0,0,0
41.5,d_19170201,0,0,0,0,0,0,58.5,1,0,0,0
99,d_19170301,0,0,0,0,0,0,1,1,0,0,0
99,d_19170401,0,0,0,0,0,0,1,1,0,0,0
99,d_19170501,0,0,0,0,0,0,1,1,0,0,0
99,d_19170601,0,0,0,0,0,0,1,0.2,0,0,0
99,d_19170701,0,0,0,0,0,0,1,0,0,0,0
99,d_19170801,0,0,0,0,0,0,1,0,0,0,0
46,d_19170901,54,0,0,0,0,0,0,0,0,0,0
8.6,d_19171001,91.3,63.9,11.8,0,0,0,0,0,0,0,0
0,d_19171101,100,100,99.6,95,0,0,0,0,0,0,0
0,d_19171201,100,100,99.4,94.2,0,0,0,0,0,0,0
0,d_19180101,100,100,99.6,95.6,61.1,0,0,0,0,0,0
100,d_19180201,0,0,0,0,0,0,0,0,0,0,0
2.9,d_19180301,0,0,0,0,0,0,97.1,62,0,0,0
12.7,d_19180401,0,0,0,0,0,0,87.4,24.3,0,0,0
13.8,d_19180501,0,0,0,0,0,0,86.3,18.9,0,0,0
11,d_19180601,0,0,0,0,0,0,89,21.6,0,0,0
2,d_19180701,0,0,0,0,0,0,98,53.5,0,0,0
0,d_19180801,0,0,0,0,0,0,100,78.6,0,0,0
0,d_19180901,0,0,0,0,0,0,100,100,35.4,0,0
0,d_19181001,0,0,0,0,0,0,100,100,100,97.6,0
0,d_19181101,0,0,0,0,0,0,100,100,99.5,37.3,0
98.5,d_19181201,0,0,0,0,0,0,1.5,0,0,0,0
100,d_19190101,0,0,0,0,0,0,0,0,0,0,0
100,d_19190201,0,0,0,0,0,0,0,0,0,0,0
98.6,d_19190301,0,0,0,0,0,0,1.4,0,0,0,0
93.5,d_19190401,6.5,0,0,0,0,0,0,0,0,0,0
86.7,d_19190501,11.9,0,0,0,0,0,1.4,0,0,0,0
67.4,d_19190601,32.6,0,0,0,0,0,0,0,0,0,0
83.3,d_19190701,16.7,0,0,0,0,0,0,0,0,0,0
60.9,d_19190801,39.1,0.4,0,0,0,0,0,0,0,0,0
93.7,d_19190901,6.3,0,0,0,0,0,0,0,0,0,0
94.9,d_19191001,0,0,0,0,0,0,5.1,0,0,0,0
100,d_19191101,0,0,0,0,0,0,0,0,0,0,0
100,d_19191201,0,0,0,0,0,0,0,0,0,0,0
1,d_19200101,99,13,0,0,0,0,0,0,0,0,0
1.6,d_19200201,98.4,39,0,0,0,0,0,0,0,0,0
100,d_19200301,0,0,0,0,0,0,0,0,0,0,0
100,d_19200401,0,0,0,0,0,0,0,0,0,0,0
100,d_19200501,0,0,0,0,0,0,0,0,0,0,0
99,d_19200601,1,0,0,0,0,0,0,0,0,0,0
100,d_19200701,0,0,0,0,0,0,0,0,0,0,0
100,d_19200801,0,0,0,0,0,0,0,0,0,0,0
100,d_19200901,0,0,0,0,0,0,0,0,0,0,0
47.7,d_19201001,0,0,0,0,0,0,52.3,0,0,0,0
28,d_19201101,0,0,0,0,0,0,72,5.5,0,0,0
1.3,d_19201201,98.7,59.2,0,0,0,0,0,0,0,0,0
100,d_19210101,0,0,0,0,0,0,0,0,0,0,0
78.9,d_19210201,21.1,0,0,0,0,0,0,0,0,0,0
25.8,d_19210301,74.3,13,0,0,0,0,0,0,0,0,0
4.4,d_19210401,95.6,22,0,0,0,0,0,0,0,0,0
44.7,d_19210501,55.3,0,0,0,0,0,0,0,0,0,0
58,d_19210601,42,0,0,0,0,0,0,0,0,0,0
81.8,d_19210701,18.2,0,0,0,0,0,0,0,0,0,0
100,d_19210801,0,0,0,0,0,0,0,0,0,0,0
100,d_19210901,0,0,0,0,0,0,0,0,0,0,0
96.7,d_19211001,3.3,0,0,0,0,0,0,0,0,0,0
89,d_19211101,10,0,0,0,0,0,1,0,0,0,0
0,d_19211201,0,0,0,0,0,0,99.9,99.9,91.2,49,5
0,d_19220101,0,0,0,0,0,0,100,100,75,21.5,0
0,d_19220201,0,0,0,0,0,0,100,91.4,2.9,0,0
0,d_19220301,0,0,0,0,0,0,100,69,0,0,0
0,d_19220401,0,0,0,0,0,0,100,39.7,0,0,0
0,d_19220501,0,0,0,0,0,0,100,58,0,0,0
0,d_19220601,0,0,0,0,0,0,100,53.3,0,0,0
0,d_19220701,0,0,0,0,0,0,100,59.7,0.1,0,0
0,d_19220801,0,0,0,0,0,0,100,85,0.9,0,0
96.3,d_19220901,0,0,0,0,0,0,3.7,0,0,0,0
100,d_19221001,0,0,0,0,0,0,0,0,0,0,0
100,d_19221101,0,0,0,0,0,0,0,0,0,0,0
23.2,d_19221201,0,0,0,0,0,0,76.8,26.7,0,0,0
76.2,d_19230101,0,0,0,0,0,0,23.8,0,0,0,0
95.1,d_19230201,4.9,0,0,0,0,0,0,0,0,0,0
24.5,d_19230301,75.5,34.3,0,0,0,0,0,0,0,0,0
53.5,d_19230401,46.4,2,0,0,0,0,0,0,0,0,0
41.6,d_19230501,58.4,10.1,0,0,0,0,0,0,0,0,0
47.5,d_19230601,52.5,3.8,0,0,0,0,0,0,0,0,0
48.1,d_19230701,51.9,3.8,0,0,0,0,0,0,0,0,0
47,d_19230801,53,1.4,0,0,0,0,0,0,0,0,0
0,d_19230901,100,63.5,0,0,0,0,0,0,0,0,0
0,d_19231001,100,28.5,0,0,0,0,0,0,0,0,0
3.9,d_19231101,96.2,31.4,0,0,0,0,0,0,0,0,0
62.5,d_19231201,37.4,0.6,0,0,0,0,0,0,0,0,0
0,d_19240101,100,100,89.2,23.4,0,0,0,0,0,0,0
0,d_19240201,100,100,100,95.6,75.1,0,0,0,0,0,0
0,d_19240301,100,100,83.2,0,0,0,0,0,0,0,0
0,d_19240401,100,99.6,48.8,0,0,0,0,0,0,0,0
0,d_19240501,100,100,87.7,4.1,0,0,0,0,0,0,0
0,d_19240601,100,100,91,10.8,0,0,0,0,0,0,0
0,d_19240701,100,100,96.2,35.1,0,0,0,0,0,0,0
0,d_19240801,100,100,50.9,0,0,0,0,0,0,0,0
0,d_19240901,100,96.7,0,0,0,0,0,0,0,0,0
89.4,d_19241001,10.6,0,0,0,0,0,0,0,0,0,0
100,d_19241101,0,0,0,0,0,0,0,0,0,0,0
13.6,d_19241201,86.4,24.3,0,0,0,0,0,0,0,0,0
0,d_19250101,100,99.4,74.7,9.1,0,0,0,0,0,0,0
0,d_19250201,99.9,99.9,98.9,70.7,0,0,0,0,0,0,0
0,d_19250301,100,100,63.4,11.5,0,0,0,0,0,0,0
0,d_19250401,100,100,9.8,0,0,0,0,0,0,0,0
0,d_19250501,100,100,0,0,0,0,0,0,0,0,0
0,d_19250601,100,94.7,0,0,0,0,0,0,0,0,0
0,d_19250701,100,92.7,0,0,0,0,0,0,0,0,0
2.1,d_19250801,98,55.1,0,0,0,0,0,0,0,0,0
40.9,d_19250901,59.1,0,0,0,0,0,0,0,0,0,0
100,d_19251001,0,0,0,0,0,0,0,0,0,0,0
39.3,d_19251101,0,0,0,0,0,0,60.7,0,0,0,0
31.3,d_19251201,0,0,0,0,0,0,68.7,0,0,0,0
100,d_19260101,0,0,0,0,0,0,0,0,0,0,0
100,d_19260201,0,0,0,0,0,0,0,0,0,0,0
28.6,d_19260301,71.4,2.2,0,0,0,0,0,0,0,0,0
100,d_19260401,0,0,0,0,0,0,0,0,0,0,0
100,d_19260501,0,0,0,0,0,0,0,0,0,0,0
100,d_19260601,0,0,0,0,0,0,0,0,0,0,0
100,d_19260701,0,0,0,0,0,0,0,0,0,0,0
100,d_19260801,0,0,0,0,0,0,0,0,0,0,0
100,d_19260901,0,0,0,0,0,0,0,0,0,0,0
86.3,d_19261001,0,0,0,0,0,0,13.7,0,0,0,0
0,d_19261101,0,0,0,0,0,0,100,99.2,0,0,0
0,d_19261201,0,0,0,0,0,0,100,100,89.3,7.5,0
100,d_19270101,0,0,0,0,0,0,0,0,0,0,0
9.8,d_19270201,0,0,0,0,0,0,90.2,3.4,0,0,0
52.4,d_19270301,0,0,0,0,0,0,47.6,0.8,0,0,0
73.7,d_19270401,0,0,0,0,0,0,26.3,0,0,0,0
85.9,d_19270501,0,0,0,0,0,0,14.1,0,0,0,0
79.7,d_19270601,0,0,0,0,0,0,20.3,0,0,0,0
46.6,d_19270701,0,0,0,0,0,0,53.3,0.6,0,0,0
99.9,d_19270801,0,0,0,0,0,0,0.1,0,0,0,0
99,d_19270901,0,0,0,0,0,0,1,0,0,0,0
0,d_19271001,0,0,0,0,0,0,100,71.9,0.9,0,0
99,d_19271101,0,0,0,0,0,0,1,0.1,0,0,0
65.7,d_19271201,0,0,0,0,0,0,34.3,2.1,0,0,0
52.3,d_19280101,47.7,0.8,0,0,0,0,0,0,0,0,0
80.1,d_19280201,19.9,0,0,0,0,0,0,0,0,0,0
26,d_19280301,74,3.6,0,0,0,0,0,0,0,0,0
1.4,d_19280401,98.6,18.2,0,0,0,0,0,0,0,0,0
5.3,d_19280501,94.7,8.7,0,0,0,0,0,0,0,0,0
13.4,d_19280601,86.5,6.3,0,0,0,0,0,0,0,0,0
0.9,d_19280701,99.1,78.2,0,0,0,0,0,0,0,0,0
1,d_19280801,98.9,48.5,0,0,0,0,0,0,0,0,0
0,d_19280901,100,67.2,0,0,0,0,0,0,0,0,0
95.4,d_19281001,4.6,0,0,0,0,0,0,0,0,0,0
64.2,d_19281101,35.8,6.9,0,0,0,0,0,0,0,0,0
100,d_19281201,0,0,0,0,0,0,0,0,0,0,0
100,d_19290101,0,0,0,0,0,0,0,0,0,0,0
1,d_19290201,98.9,28.9,0,0,0,0,0,0,0,0,0
1,d_19290301,99,67.2,0,0,0,0,0,0,0,0,0
3,d_19290401,97,27.1,0,0,0,0,0,0,0,0,0
1,d_19290501,99,43.7,0,0,0,0,0,0,0,0,0
1,d_19290601,99,30.3,0,0,0,0,0,0,0,0,0
4.3,d_19290701,95.7,18.7,0,0,0,0,0,0,0,0,0
8.5,d_19290801,91.5,18.3,0,0,0,0,0,0,0,0,0
4,d_19290901,96.1,17.6,0,0,0,0,0,0,0,0,0
30,d_19291001,70,15.9,0,0,0,0,0,0,0,0,0
1.8,d_19291101,98.2,53.9,0,0,0,0,0,0,0,0,0
0,d_19291201,99.9,99.9,73.9,46.8,16.4,0,0,0,0,0,0
52.6,d_19300101,47.4,30.7,12.1,2.8,0,0,0,0,0,0,0
0,d_19300201,100,57.1,21.6,11.4,1.2,0,0,0,0,0,0
21.1,d_19300301,78.9,28.1,5.3,0,0,0,0,0,0,0,0
2.3,d_19300401,97.6,35.4,10.9,0.4,0,0,0,0,0,0,0
18.1,d_19300501,81.9,30.5,7.2,0,0,0,0,0,0,0,0
11.2,d_19300601,88.8,30.2,4,0,0,0,0,0,0,0,0
29.1,d_19300701,71,23,0,0,0,0,0,0,0,0,0
74.6,d_19300801,25.4,9,0,0,0,0,0,0,0,0,0
99.1,d_19300901,0,0,0,0,0,0,0.9,0,0,0,0
93.6,d_19301001,6.4,0,0,0,0,0,0,0,0,0,0
84.4,d_19301101,0,0,0,0,0,0,15.6,0.6,0,0,0
11.8,d_19301201,88.2,64,0,0,0,0,0,0,0,0,0
100,d_19310101,0,0,0,0,0,0,0,0,0,0,0
100,d_19310201,0,0,0,0,0,0,0,0,0,0,0
17.1,d_19310301,82.9,11.9,0,0,0,0,0,0,0,0,0
59.6,d_19310401,40.4,3.4,0,0,0,0,0,0,0,0,0
86.4,d_19310501,13.7,1.7,0,0,0,0,0,0,0,0,0
89.4,d_19310601,10.6,0,0,0,0,0,0,0,0,0,0
93.2,d_19310701,6.8,0,0,0,0,0,0,0,0,0,0
93.5,d_19310801,6.5,0,0,0,0,0,0,0,0,0,0
100,d_19310901,0,0,0,0,0,0,0,0,0,0,0
98,d_19311001,2,0,0,0,0,0,0,0,0,0,0
99.4,d_19311101,0.6,0,0,0,0,0,0,0,0,0,0
0,d_19311201,0,0,0,0,0,0,100,100,100,95.7,0.6
0,d_19320101,0,0,0,0,0,0,99.9,98.2,1,0,0
0,d_19320201,0,0,0,0,0,0,100,100,12.9,0,0
7.3,d_19320301,0,0,0,0,0,0,92.7,14.7,0,0,0
37.5,d_19320401,0,0,0,0,0,0,62.4,1,0,0,0
66.3,d_19320501,0,0,0,0,0,0,33.6,0.6,0,0,0
58.4,d_19320601,0,0,0,0,0,0,41.6,1,0,0,0
13.5,d_19320701,0,0,0,0,0,0,86.5,7.3,0,0,0
61.6,d_19320801,0,0,0,0,0,0,38.4,0.9,0,0,0
100,d_19320901,0,0,0,0,0,0,0,0,0,0,0
100,d_19321001,0,0,0,0,0,0,0,0,0,0,0
0,d_19321101,100,100,99.4,97.1,91.2,0,0,0,0,0,0
1.4,d_19321201,98.7,97.1,76.7,31.6,0,0,0,0,0,0,0
67.5,d_19330101,0,0,0,0,0,0,32.5,0.6,0,0,0
100,d_19330201,0,0,0,0,0,0,0,0,0,0,0
21.2,d_19330301,78.8,10.4,0,0,0,0,0,0,0,0,0
4.7,d_19330401,95.3,52.1,0,0,0,0,0,0,0,0,0
1.7,d_19330501,98.2,57.8,0,0,0,0,0,0,0,0,0
7.8,d_19330601,92.2,57.6,0,0,0,0,0,0,0,0,0
16.8,d_19330701,83.2,37,0,0,0,0,0,0,0,0,0
56.9,d_19330801,43.1,0,0,0,0,0,0,0,0,0,0
100,d_19330901,0,0,0,0,0,0,0,0,0,0,0
0,d_19331001,99.9,99.9,99.9,96.5,0.7,0,0,0,0,0,0
0,d_19331101,100,100,100,98.8,30.1,0,0,0,0,0,0
88.3,d_19331201,0,0,0,0,0,0,11.7,0,0,0,0
77.3,d_19340101,10.7,1.8,0,0,0,0,12,0,0,0,0
82,d_19340201,17.3,7.3,0,0,0,0,0.7,0,0,0,0
46.7,d_19340301,53.3,28.6,8.6,2.1,0,0,0,0,0,0,0
28.8,d_19340401,71.1,42.7,12.8,5,0.4,0,0,0,0,0,0
19.3,d_19340501,80.7,51.8,16.1,8.6,1.8,0,0,0,0,0,0
24.7,d_19340601,75.2,46.3,12.1,4.9,0.4,0,0,0,0,0,0
27.5,d_19340701,72.5,46.3,12.9,6.8,0.4,0,0,0,0,0,0
51.2,d_19340801,48.8,23.7,6.1,2.1,0,0,0,0,0,0,0
8.9,d_19340901,91.1,59.5,20.6,9.4,0,0,0,0,0,0,0
1.9,d_19341001,98.1,1.1,0,0,0,0,0,0,0,0,0
90.2,d_19341101,9.7,1,0,0,0,0,0,0,0,0,0
1,d_19341201,0,0,0,0,0,0,99,41.5,0,0,0
1,d_19350101,0,0,0,0,0,0,99,68.6,0,0,0
60,d_19350201,0,0,0,0,0,0,40,13.5,0,0,0
66.4,d_19350301,0,0,0,0,0,0,33.5,9.7,0,0,0
20.9,d_19350401,0,0,0,0,0,0,79,14.3,0,0,0
30.6,d_19350501,0,0,0,0,0,0,69.5,9.4,0,0,0
28.7,d_19350601,0,0,0,0,0,0,71.3,11.8,0,0,0
59.8,d_19350701,0,0,0,0,0,0,40.2,0.5,0,0,0
93.4,d_19350801,0,0,0,0,0,0,6.6,0,0,0,0
99.3,d_19350901,0,0,0,0,0,0,0.7,0,0,0,0
100,d_19351001,0,0,0,0,0,0,0,0,0,0,0
78.9,d_19351101,0,0,0,0,0,0,21.1,0,0,0,0
91.5,d_19351201,8.5,1.3,0,0,0,0,0,0,0,0,0
0,d_19360101,100,100,19.1,4.6,0,0,0,0,0,0,0
100,d_19360201,0,0,0,0,0,0,0,0,0,0,0
94.7,d_19360301,5.3,0,0,0,0,0,0,0,0,0,0
91.3,d_19360401,8.7,1,0,0,0,0,0,0,0,0,0
78.3,d_19360501,21.8,2.9,0,0,0,0,0,0,0,0,0
84.1,d_19360601,15.9,1.8,0,0,0,0,0,0,0,0,0
88.3,d_19360701,11.6,1,0,0,0,0,0,0,0,0,0
95.4,d_19360801,4.6,0,0,0,0,0,0,0,0,0,0
100,d_19360901,0,0,0,0,0,0,0,0,0,0,0
1,d_19361001,0,0,0,0,0,0,98.9,75,0,0,0
82.3,d_19361101,17.7,1.1,1.1,0.8,0,0,0,0,0,0,0
0,d_19361201,0,0,0,0,0,0,100,75.8,26.7,2.6,0
12.3,d_19370101,0,0,0,0,0,0,87.8,37.8,4,0,0
0,d_19370201,0,0,0,0,0,0,100,92,0.4,0,0
0,d_19370301,0,0,0,0,0,0,100,96.2,25,0,0
0,d_19370401,0,0,0,0,0,0,100,91.5,0,0,0
0,d_19370501,0,0,0,0,0,0,100,91.1,0,0,0
0,d_19370601,0,0,0,0,0,0,100,91.1,0,0,0
3.3,d_19370701,0,0,0,0,0,0,96.7,64,0,0,0
0,d_19370801,0,0,0,0,0,0,100,92,1.4,0,0
43.3,d_19370901,0,0,0,0,0,0,56.6,20.8,0,0,0
23.5,d_19371001,0,0,0,0,0,0,76.5,40.9,0,0,0
100,d_19371101,0,0,0,0,0,0,0,0,0,0,0
24.8,d_19371201,75.1,19.4,0,0,0,0,0,0,0,0,0
88.3,d_19380101,11.7,0,0,0,0,0,0,0,0,0,0
80.9,d_19380201,0,0,0,0,0,0,19.1,0,0,0,0
0,d_19380301,0,0,0,0,0,0,100,97,19.7,0,0
0,d_19380401,0,0,0,0,0,0,100,97,21.8,0,0
0,d_19380501,0,0,0,0,0,0,100,95.9,15.4,0,0
0,d_19380601,0,0,0,0,0,0,100,96.6,18.8,0,0
0,d_19380701,0,0,0,0,0,0,100,100,43.7,0,0
0,d_19380801,0,0,0,0,0,0,99.9,99.9,65.2,3.1,0
0,d_19380901,0,0,0,0,0,0,100,100,49,0,0
0,d_19381001,0,0,0,0,0,0,100,100,100,54.8,0
0,d_19381101,0,0,0,0,0,0,100,95.9,61.7,10.8,0
11.2,d_19381201,0,0,0,0,0,0,88.8,21.1,3.3,0,0
69.7,d_19390101,0,0,0,0,0,0,30.3,5.8,0,0,0
96,d_19390201,0,0,0,0,0,0,4,0,0,0,0
100,d_19390301,0,0,0,0,0,0,0,0,0,0,0
100,d_19390401,0,0,0,0,0,0,0,0,0,0,0
100,d_19390501,0,0,0,0,0,0,0,0,0,0,0
100,d_19390601,0,0,0,0,0,0,0,0,0,0,0
100,d_19390701,0,0,0,0,0,0,0,0,0,0,0
97.4,d_19390801,0,0,0,0,0,0,2.6,0,0,0,0
86.1,d_19390901,13.9,0,0,0,0,0,0,0,0,0,0
37.9,d_19391001,62.1,3.2,0,0,0,0,0,0,0,0,0
35.9,d_19391101,64.1,38.8,0,0,0,0,0,0,0,0,0
1.5,d_19391201,98.5,88.4,4.4,0,0,0,0,0,0,0,0
100,d_19400101,0,0,0,0,0,0,0,0,0,0,0
97.9,d_19400201,0,0,0,0,0,0,2.1,0,0,0,0
100,d_19400301,0,0,0,0,0,0,0,0,0,0,0
100,d_19400401,0,0,0,0,0,0,0,0,0,0,0
100,d_19400501,0,0,0,0,0,0,0,0,0,0,0
84.5,d_19400601,15.5,0,0,0,0,0,0,0,0,0,0
94.6,d_19400701,5.4,0,0,0,0,0,0,0,0,0,0
99,d_19400801,0,0,0,0,0,0,1,0,0,0,0
88.7,d_19400901,0,0,0,0,0,0,11.2,1,0,0,0
96.7,d_19401001,0,0,0,0,0,0,3.3,0,0,0,0
16.5,d_19401101,83.6,0.7,0,0,0,0,0,0,0,0,0
0,d_19401201,0,0,0,0,0,0,99.9,99.9,76.7,14.5,0
0,d_19410101,0,0,0,0,0,0,100,93.6,58.3,12.7,0
0,d_19410201,0,0,0,0,0,0,100,100,95.2,73.9,16
0,d_19410301,0,0,0,0,0,0,100,100,100,99.9,86.3
0,d_19410401,0,0,0,0,0,0,100,100,100,100,95
0,d_19410501,0,0,0,0,0,0,100,100,100,100,95.5
0,d_19410601,0,0,0,0,0,0,100,100,100,100,95.5
0,d_19410701,0,0,0,0,0,0,100,100,100,100,93.9
0,d_19410801,0,0,0,0,0,0,100,100,100,100,95.8
0,d_19410901,0,0,0,0,0,0,100,100,100,99.9,45.1
0,d_19411001,0,0,0,0,0,0,100,100,100,100,93.5
0,d_19411101,0,0,0,0,0,0,100,100,100,99,73.9
0,d_19411201,0,0,0,0,0,0,99.9,98.9,96.8,48.6,6.5
82.1,d_19420101,0,0,0,0,0,0,17.9,1,0,0,0
78.8,d_19420201,21.2,0,0,0,0,0,0,0,0,0,0
24.3,d_19420301,75.7,3.3,0,0,0,0,0,0,0,0,0
96.7,d_19420401,3.3,0,0,0,0,0,0,0,0,0,0
95.2,d_19420501,4.8,0,0,0,0,0,0,0,0,0,0
95.7,d_19420601,4.3,0,0,0,0,0,0,0,0,0,0
85.1,d_19420701,14.9,3.5,0,0,0,0,0,0,0,0,0
96.5,d_19420801,3.5,0,0,0,0,0,0,0,0,0,0
1.4,d_19420901,98.6,26.9,0,0,0,0,0,0,0,0,0
96,d_19421001,4,0,0,0,0,0,0,0,0,0,0
100,d_19421101,0,0,0,0,0,0,0,0,0,0,0
98.5,d_19421201,0,0,0,0,0,0,1.5,0,0,0,0
0,d_19430101,0,0,0,0,0,0,100,98.2,4.8,0,0
1,d_19430201,0,0,0,0,0,0,99,80.7,1.1,0,0
1,d_19430301,0,0,0,0,0,0,98.9,95.7,2.6,0,0
1,d_19430401,0,0,0,0,0,0,99,95.7,1.9,0,0
1,d_19430501,0,0,0,0,0,0,98.9,92.8,0.7,0,0
1,d_19430601,0,0,0,0,0,0,98.9,94.4,0.7,0,0
1,d_19430701,0,0,0,0,0,0,98.9,94.9,0.7,0,0
1,d_19430801,0,0,0,0,0,0,98.9,97.1,3,0,0
0,d_19430901,0,0,0,0,0,0,100,99,12.9,0,0
96.6,d_19431001,1,0,0,0,0,0,2.4,0,0,0,0
98.9,d_19431101,1,1,0,0,0,0,0,0,0,0,0
4.2,d_19431201,0,0,0,0,0,0,95.8,55.3,4.5,0,0
83.1,d_19440101,0.3,0,0,0,0,0,16.6,0,0,0,0
0,d_19440201,0,0,0,0,0,0,100,73.3,7.9,0,0
14.4,d_19440301,0,0,0,0,0,0,85.5,49.7,0.7,0,0
23.3,d_19440401,0,0,0,0,0,0,76.8,42.7,0.4,0,0
28.8,d_19440501,0,0,0,0,0,0,71.1,38.9,0,0,0
26.6,d_19440601,0,0,0,0,0,0,73.4,40.4,0,0,0
20.5,d_19440701,0,0,0,0,0,0,79.4,44.2,0.7,0,0
0.4,d_19440801,0,0,0,0,0,0,99.5,59.9,5.4,0,0
76.2,d_19440901,0,0,0,0,0,0,23.8,0,0,0,0
4.8,d_19441001,0,0,0,0,0,0,95.2,28.8,0,0,0
76.6,d_19441101,0,0,0,0,0,0,23.4,2.7,0,0,0
98.9,d_19441201,0,0,0,0,0,0,1.1,0,0,0,0
37.8,d_19450101,62.2,9.3,0,0,0,0,0,0,0,0,0
86.9,d_19450201,13.1,0,0,0,0,0,0,0,0,0,0
100,d_19450301,0,0,0,0,0,0,0,0,0,0,0
100,d_19450401,0,0,0,0,0,0,0,0,0,0,0
97.3,d_19450501,2.7,0,0,0,0,0,0,0,0,0,0
100,d_19450601,0,0,0,0,0,0,0,0,0,0,0
100,d_19450701,0,0,0,0,0,0,0,0,0,0,0
56.5,d_19450801,43.5,1.3,0,0,0,0,0,0,0,0,0
98.7,d_19450901,1.3,0,0,0,0,0,0,0,0,0,0
90.3,d_19451001,0,0,0,0,0,0,9.8,0.4,0,0,0
100,d_19451101,0,0,0,0,0,0,0,0,0,0,0
71.9,d_19451201,0,0,0,0,0,0,28,1.2,1,0,0
80.3,d_19460101,18.6,0,0,0,0,0,1,0.6,0,0,0
48.7,d_19460201,51.3,22,0,0,0,0,0,0,0,0,0
85.4,d_19460301,12.8,0,0,0,0,0,1.8,0,0,0,0
73.9,d_19460401,25.9,0,0,0,0,0,0.3,0,0,0,0
67,d_19460501,33,4.7,0,0,0,0,0,0,0,0,0
69.6,d_19460601,30.3,1.4,0,0,0,0,0,0,0,0,0
64.4,d_19460701,35.6,2.9,0,0,0,0,0,0,0,0,0
86.5,d_19460801,12.4,0,0,0,0,0,1,0,0,0,0
38.9,d_19460901,61,20.2,0,0,0,0,0,0,0,0,0
100,d_19461001,0,0,0,0,0,0,0,0,0,0,0
0,d_19461101,0,0,0,0,0,0,100,100,95.5,17.3,0
0,d_19461201,0,0,0,0,0,0,99.9,99.9,37.5,13,0
44.2,d_19470101,0,0,0,0,0,0,55.8,14.5,0,0,0
98.9,d_19470201,0,0,0,0,0,0,1.1,0,0,0,0
98.6,d_19470301,1.4,0,0,0,0,0,0,0,0,0,0
71.9,d_19470401,28.1,0,0,0,0,0,0,0,0,0,0
65.3,d_19470501,34.7,0,0,0,0,0,0,0,0,0,0
67.4,d_19470601,32.6,0,0,0,0,0,0,0,0,0,0
68.5,d_19470701,31.5,0,0,0,0,0,0,0,0,0,0
0,d_19470801,100,100,45.3,19.6,0,0,0,0,0,0,0
0,d_19470901,100,100,100,80.2,19.9,0,0,0,0,0,0
0,d_19471001,100,100,78,12.3,0,0,0,0,0,0,0
0,d_19471101,99.9,99.9,96.8,76.5,1.4,0,0,0,0,0,0
0,d_19471201,100,98.5,67.6,44.6,6.8,0,0,0,0,0,0
0,d_19480101,100,100,99.6,90.6,43.2,0,0,0,0,0,0
0,d_19480201,99.9,99.9,99.9,95.5,60.8,0,0,0,0,0,0
0,d_19480301,100,100,89.9,22.4,0,0,0,0,0,0,0
0,d_19480401,100,100,58.1,1,0,0,0,0,0,0,0
0,d_19480501,99.9,99.9,80.8,12,0,0,0,0,0,0,0
0,d_19480601,100,100,68.7,2.5,0,0,0,0,0,0,0
0,d_19480701,100,100,52.1,1.2,0,0,0,0,0,0,0
0,d_19480801,100,91.3,1,0,0,0,0,0,0,0,0
0,d_19480901,100,41.4,0,0,0,0,0,0,0,0,0
90.1,d_19481001,9.9,0,0,0,0,0,0,0,0,0,0
73.2,d_19481101,26.8,4.5,0,0,0,0,0,0,0,0,0
76.1,d_19481201,23.9,1.3,0,0,0,0,0,0,0,0,0
5.8,d_19490101,94.2,27.7,0,0,0,0,0,0,0,0,0
0,d_19490201,100,87.4,9.2,0,0,0,0,0,0,0,0
0,d_19490301,100,95.4,8.5,0,0,0,0,0,0,0,0
0,d_19490401,99.9,99.9,45.7,1,0,0,0,0,0,0,0
0,d_19490501,99.9,97,23.5,1,0,0,0,0,0,0,0
0,d_19490601,99.9,94.4,16.3,1,0,0,0,0,0,0,0
0,d_19490701,100,87.9,4.4,0.9,0,0,0,0,0,0,0
9.6,d_19490801,90.4,37.6,0,0,0,0,0,0,0,0,0
9.2,d_19490901,90.8,54.1,0,0,0,0,0,0,0,0,0
3.1,d_19491001,96.9,65.5,0,0,0,0,0,0,0,0,0
10.2,d_19491101,89.8,24,0,0,0,0,0,0,0,0,0
98.2,d_19491201,1.8,0,0,0,0,0,0,0,0,0,0
100,d_19500101,0,0,0,0,0,0,0,0,0,0,0
88.3,d_19500201,11.7,0,0,0,0,0,0,0,0,0,0
40.4,d_19500301,59.6,4.9,0,0,0,0,0,0,0,0,0
27.8,d_19500401,72.2,7,0,0,0,0,0,0,0,0,0
8.3,d_19500501,91.6,22,0,0,0,0,0,0,0,0,0
18.1,d_19500601,81.9,11.7,0,0,0,0,0,0,0,0,0
43.6,d_19500701,56.5,0.6,0,0,0,0,0,0,0,0,0
48.3,d_19500801,51.7,0,0,0,0,0,0,0,0,0,0
18.9,d_19500901,81.1,3.4,0,0,0,0,0,0,0,0,0
12.4,d_19501001,87.5,10.7,0,0,0,0,0,0,0,0,0
2.7,d_19501101,97.3,39.7,2.5,0,0,0,0,0,0,0,0
1,d_19501201,99,97.8,8.9,1,0,0,0,0,0,0,0
9.7,d_19510101,90.3,32.2,0.2,0,0,0,0,0,0,0,0
0.4,d_19510201,99.5,93.3,4.9,0.2,0,0,0,0,0,0,0
0,d_19510301,100,100,75.2,7.2,0,0,0,0,0,0,0
0,d_19510401,100,93.1,21,1.4,0,0,0,0,0,0,0
0,d_19510501,100,98.6,44.1,3.4,0,0,0,0,0,0,0
0,d_19510601,100,99.8,52.1,6.8,0,0,0,0,0,0,0
0,d_19510701,100,100,56.8,5.3,0,0,0,0,0,0,0
0,d_19510801,100,95.9,26.8,0.4,0,0,0,0,0,0,0
12.9,d_19510901,87.1,26.4,0,0,0,0,0,0,0,0,0
7.4,d_19511001,92.6,52.6,0,0,0,0,0,0,0,0,0
54.4,d_19511101,45.6,14.4,0,0,0,0,0,0,0,0,0
5.9,d_19511201,0,0,0,0,0,0,94,69.4,2,0,0
0,d_19520101,0,0,0,0,0,0,100,100,98.3,71.5,2.2
0,d_19520201,0,0,0,0,0,0,99.9,98.6,13.6,0,0
0,d_19520301,0,0,0,0,0,0,100,100,93.6,28.9,0
0,d_19520401,0,0,0,0,0,0,100,100,94.1,35.1,0
0,d_19520501,0,0,0,0,0,0,100,100,90.6,32.2,0
0,d_19520601,0,0,0,0,0,0,100,100,91.3,32.2,0
0,d_19520701,0,0,0,0,0,0,100,100,95.8,40.6,0.5
0,d_19520801,0,0,0,0,0,0,100,100,97.8,27.7,0
0,d_19520901,0,0,0,0,0,0,100,100,54.8,0,0
81,d_19521001,0,0,0,0,0,0,19,0,0,0,0
0,d_19521101,0,0,0,0,0,0,100,100,99.4,51.8,0
0,d_19521201,0,0,0,0,0,0,100,100,3.2,0,0
92.6,d_19530101,0,0,0,0,0,0,7.4,0,0,0,0
98.1,d_19530201,1.9,0,0,0,0,0,0,0,0,0,0
11.3,d_19530301,88.7,12.1,0,0,0,0,0,0,0,0,0
14.8,d_19530401,85.2,0.6,0,0,0,0,0,0,0,0,0
12.5,d_19530501,87.5,15.6,0,0,0,0,0,0,0,0,0
13.6,d_19530601,86.4,7.1,0,0,0,0,0,0,0,0,0
21.1,d_19530701,78.9,0,0,0,0,0,0,0,0,0,0
0.4,d_19530801,99.6,84.2,0,0,0,0,0,0,0,0,0
0,d_19530901,100,100,98.7,26.5,0,0,0,0,0,0,0
0,d_19531001,100,100,98.2,42.2,0,0,0,0,0,0,0
9.6,d_19531101,90.3,10.9,0,0,0,0,0,0,0,0,0
8.3,d_19531201,91.7,17.3,0,0,0,0,0,0,0,0,0
100,d_19540101,0,0,0,0,0,0,0,0,0,0,0
100,d_19540201,0,0,0,0,0,0,0,0,0,0,0
100,d_19540301,0,0,0,0,0,0,0,0,0,0,0
100,d_19540401,0,0,0,0,0,0,0,0,0,0,0
100,d_19540501,0,0,0,0,0,0,0,0,0,0,0
100,d_19540601,0,0,0,0,0,0,0,0,0,0,0
100,d_19540701,0,0,0,0,0,0,0,0,0,0,0
96.6,d_19540801,3.4,0,0,0,0,0,0,0,0,0,0
98.7,d_19540901,0,0,0,0,0,0,1.3,0,0,0,0
91.9,d_19541001,8,0.4,0,0,0,0,0,0,0,0,0
90.9,d_19541101,9,3.1,0,0,0,0,0,0,0,0,0
0.6,d_19541201,99.3,94.2,5.1,0,0,0,0,0,0,0,0
100,d_19550101,0,0,0,0,0,0,0,0,0,0,0
100,d_19550201,0,0,0,0,0,0,0,0,0,0,0
1.8,d_19550301,98.2,6.5,0,0,0,0,0,0,0,0,0
82.9,d_19550401,17.1,0,0,0,0,0,0,0,0,0,0
100,d_19550501,0,0,0,0,0,0,0,0,0,0,0
100,d_19550601,0,0,0,0,0,0,0,0,0,0,0
100,d_19550701,0,0,0,0,0,0,0,0,0,0,0
100,d_19550801,0,0,0,0,0,0,0,0,0,0,0
100,d_19550901,0,0,0,0,0,0,0,0,0,0,0
68.7,d_19551001,31.3,6.1,0,0,0,0,0,0,0,0,0
88.2,d_19551101,11.7,8.1,1.3,0,0,0,0,0,0,0,0
13.4,d_19551201,0,0,0,0,0,0,86.6,45.2,0,0,0
12,d_19560101,0,0,0,0,0,0,88,47.1,0,0,0
86.2,d_19560201,0.9,0,0,0,0,0,12.8,0,0,0,0
63.6,d_19560301,36.4,9.1,0,0,0,0,0,0,0,0,0
95.3,d_19560401,4.7,0,0,0,0,0,0,0,0,0,0
96,d_19560501,4,0,0,0,0,0,0,0,0,0,0
97,d_19560601,3,0,0,0,0,0,0,0,0,0,0
93.9,d_19560701,0.3,0,0,0,0,0,5.7,0,0,0,0
96.1,d_19560801,0,0,0,0,0,0,3.9,0,0,0,0
97.5,d_19560901,1.6,0,0,0,0,0,1,0,0,0,0
20.9,d_19561001,79,8.5,0,0,0,0,0,0,0,0,0
28.5,d_19561101,71.5,26.8,0,0,0,0,0,0,0,0,0
65.4,d_19561201,34.5,7,0,0,0,0,0,0,0,0,0
91.9,d_19570101,8.1,0,0,0,0,0,0,0,0,0,0
22.5,d_19570201,77.5,3.7,0,0,0,0,0,0,0,0,0
8.9,d_19570301,91.1,22.1,0,0,0,0,0,0,0,0,0
13.3,d_19570401,86.7,0.3,0,0,0,0,0,0,0,0,0
33.6,d_19570501,66.4,0,0,0,0,0,0,0,0,0,0
47.8,d_19570601,52.2,0,0,0,0,0,0,0,0,0,0
57.4,d_19570701,42.6,0,0,0,0,0,0,0,0,0,0
100,d_19570801,0,0,0,0,0,0,0,0,0,0,0
99.4,d_19570901,0,0,0,0,0,0,0.6,0,0,0,0
99.6,d_19571001,0,0,0,0,0,0,0.4,0,0,0,0
98.2,d_19571101,0,0,0,0,0,0,1.8,0,0,0,0
0,d_19571201,0,0,0,0,0,0,100,78.7,0,0,0
64.8,d_19580101,0,0,0,0,0,0,35.2,0,0,0,0
0,d_19580201,0,0,0,0,0,0,100,81.1,0,0,0
0,d_19580301,0,0,0,0,0,0,100,100,13.3,0,0
0,d_19580401,0,0,0,0,0,0,100,100,99.4,34.6,0
0,d_19580501,0,0,0,0,0,0,99.9,99.9,99,34,0
0,d_19580601,0,0,0,0,0,0,100,100,99.5,33.7,0
0,d_19580701,0,0,0,0,0,0,100,100,96.5,24.4,0
0,d_19580801,0,0,0,0,0,0,100,100,99.5,30,0
0,d_19580901,0,0,0,0,0,0,99.9,99.9,76.5,11.1,0
0,d_19581001,0,0,0,0,0,0,100,100,100,84.3,10.2
0,d_19581101,0,0,0,0,0,0,100,100,90.4,33.8,8.5
81.6,d_19581201,1.2,0,0,0,0,0,17.2,5,0,0,0
2.6,d_19590101,97.4,82.5,36.4,3.7,0,0,0,0,0,0,0
21.4,d_19590201,78.6,23.9,0,0,0,0,0,0,0,0,0
0,d_19590301,99.9,95,22.8,0,0,0,0,0,0,0,0
0,d_19590401,100,95.4,31.5,0,0,0,0,0,0,0,0
0,d_19590501,99.9,99.3,51.2,1,0,0,0,0,0,0,0
0,d_19590601,100,100,60.8,12.4,0,0,0,0,0,0,0
0,d_19590701,100,98.8,46.7,7.9,0,0,0,0,0,0,0
0.2,d_19590801,99.8,89.9,12.6,1.9,0,0,0,0,0,0,0
55.9,d_19590901,44.1,10.3,0,0,0,0,0,0,0,0,0
44.7,d_19591001,55.3,15.4,4.1,0,0,0,0,0,0,0,0
0,d_19591101,100,100,100,100,100,0,0,0,0,0,0
0,d_19591201,100,100,82.3,16.6,1.6,0,0,0,0,0,0
4.9,d_19600101,95.1,15.1,0,0,0,0,0,0,0,0,0
17.7,d_19600201,82.3,13.3,0,0,0,0,0,0,0,0,0
0,d_19600301,100,98.3,6.8,0,0,0,0,0,0,0,0
0,d_19600401,100,51.8,2.6,0,0,0,0,0,0,0,0
0,d_19600501,100,78.6,8,0,0,0,0,0,0,0,0
0,d_19600601,99.9,76.4,7,0,0,0,0,0,0,0,0
0,d_19600701,100,53.8,0.3,0,0,0,0,0,0,0,0
40.7,d_19600801,59.3,8.6,0,0,0,0,0,0,0,0,0
83.9,d_19600901,16.1,0,0,0,0,0,0,0,0,0,0
34.1,d_19601001,66,19,0,0,0,0,0,0,0,0,0
98.1,d_19601101,0,0,0,0,0,0,1.9,0,0,0,0
81.5,d_19601201,0,0,0,0,0,0,18.5,0,0,0,0
80.1,d_19610101,19.9,0,0,0,0,0,0,0,0,0,0
0,d_19610201,100,75.3,0.4,0,0,0,0,0,0,0,0
0,d_19610301,100,97.5,49.1,0.7,0,0,0,0,0,0,0
0,d_19610401,100,99.9,72.8,17.3,0,0,0,0,0,0,0
0,d_19610501,100,99.9,82.4,43.1,0,0,0,0,0,0,0
0,d_19610601,100,99.9,77.2,32.7,0,0,0,0,0,0,0
0,d_19610701,100,98.6,69.5,14.8,0,0,0,0,0,0,0
0,d_19610801,100,100,100,99.9,95.4,0,0,0,0,0,0
0,d_19610901,100,100,98,86.9,6.3,0,0,0,0,0,0
0,d_19611001,99.9,99.9,98.1,90.2,80.5,0,0,0,0,0,0
11.4,d_19611101,88.6,12.2,0,0,0,0,0,0,0,0,0
96.4,d_19611201,3.6,0,0,0,0,0,0,0,0,0,0
100,d_19620101,0,0,0,0,0,0,0,0,0,0,0
0,d_19620201,0,0,0,0,0,0,100,100,100,37.7,0
0,d_19620301,0,0,0,0,0,0,100,100,41.9,0,0
0,d_19620401,0,0,0,0,0,0,100,99.6,6.4,0,0
0,d_19620501,0,0,0,0,0,0,100,99.7,2.4,0,0
0,d_19620601,0,0,0,0,0,0,100,99.6,4,0,0
0,d_19620701,0,0,0,0,0,0,100,100,22.9,0,0
0,d_19620801,0,0,0,0,0,0,100,94.4,0,0,0
0,d_19620901,0,0,0,0,0,0,100,100,8.8,0,0
0,d_19621001,0,0,0,0,0,0,100,100,72.1,5.8,0
0,d_19621101,100,100,97.4,77.5,6.2,0,0,0,0,0,0
0,d_19621201,100,100,100,100,100,0,0,0,0,0,0
0,d_19630101,100,100,100,99.6,82.6,0,0,0,0,0,0
0,d_19630201,100,100,58.6,11.7,0,0,0,0,0,0,0
0,d_19630301,100,99.9,15.1,0,0,0,0,0,0,0,0
0,d_19630401,100,70.9,0,0,0,0,0,0,0,0,0
0,d_19630501,100,78,0,0,0,0,0,0,0,0,0
0,d_19630601,100,64.9,0,0,0,0,0,0,0,0,0
0.2,d_19630701,99.9,50.7,0,0,0,0,0,0,0,0,0
50,d_19630801,50,0,0,0,0,0,0,0,0,0,0
100,d_19630901,0,0,0,0,0,0,0,0,0,0,0
13.7,d_19631001,0,0,0,0,0,0,86.3,9.9,0,0,0
0,d_19631101,0,0,0,0,0,0,100,100,11.4,3.6,0
52.5,d_19631201,0,0,0,0,0,0,47.6,11.3,0.6,0,0
97.8,d_19640101,0,0,0,0,0,0,2.2,0,0,0,0
10.5,d_19640201,89.5,35.7,0,0,0,0,0,0,0,0,0
6.3,d_19640301,93.7,59.5,0,0,0,0,0,0,0,0,0
5.7,d_19640401,94.3,43,0,0,0,0,0,0,0,0,0
4.8,d_19640501,95.2,60.3,0,0,0,0,0,0,0,0,0
0,d_19640601,100,91.3,0,0,0,0,0,0,0,0,0
0,d_19640701,100,100,0.3,0,0,0,0,0,0,0,0
0,d_19640801,100,100,83.8,8.9,0,0,0,0,0,0,0
0,d_19640901,100,77.1,0,0,0,0,0,0,0,0,0
10.1,d_19641001,89.9,31.9,0,0,0,0,0,0,0,0,0
100,d_19641101,0,0,0,0,0,0,0,0,0,0,0
32.8,d_19641201,1,0,0,0,0,0,66.1,30.9,0,0,0
99,d_19650101,1.1,0.3,0,0,0,0,0,0,0,0,0
11.9,d_19650201,88,34,0.9,0,0,0,0,0,0,0,0
0.9,d_19650301,99.1,64.3,0,0,0,0,0,0,0,0,0
99,d_19650401,1,0,0,0,0,0,0,0,0,0,0
98.6,d_19650501,1.4,0,0,0,0,0,0,0,0,0,0
98.7,d_19650601,1.3,0,0,0,0,0,0,0,0,0,0
98.8,d_19650701,1.2,0,0,0,0,0,0,0,0,0,0
99.3,d_19650801,0.7,0,0,0,0,0,0,0,0,0,0
74.5,d_19650901,25.5,0,0,0,0,0,0,0,0,0,0
100,d_19651001,0,0,0,0,0,0,0,0,0,0,0
0,d_19651101,0,0,0,0,0,0,100,100,100,92.8,8.5
0,d_19651201,0,0,0,0,0,0,100,100,100,100,100
0,d_19660101,0,0,0,0,0,0,100,100,5.3,0,0
6.5,d_19660201,0,0,0,0,0,0,93.5,18.8,0,0,0
93.5,d_19660301,0,0,0,0,0,0,6.5,0,0,0,0
100,d_19660401,0,0,0,0,0,0,0,0,0,0,0
100,d_19660501,0,0,0,0,0,0,0,0,0,0,0
100,d_19660601,0,0,0,0,0,0,0,0,0,0,0
100,d_19660701,0,0,0,0,0,0,0,0,0,0,0
0,d_19660801,100,71.7,0,0,0,0,0,0,0,0,0
0,d_19660901,99.9,99.9,93,58.6,0.7,0,0,0,0,0,0
0,d_19661001,100,100,95.8,90.7,15.8,0,0,0,0,0,0
65.4,d_19661101,34.6,18.1,2.8,0,0,0,0,0,0,0,0
6.7,d_19661201,0,0,0,0,0,0,93.2,86,35.1,6.3,0
4.2,d_19670101,0,0,0,0,0,0,95.8,88.3,26.3,0,0
34,d_19670201,1,0,0,0,0,0,65,17.2,0,0,0
43,d_19670301,2.5,0.5,0,0,0,0,54.6,14.9,0,0,0
10.9,d_19670401,0,0,0,0,0,0,89.1,68.6,5.2,0,0
12.4,d_19670501,0,0,0,0,0,0,87.6,65,3,0,0
12.4,d_19670601,0,0,0,0,0,0,87.6,64.7,3,0,0
8.1,d_19670701,0,0,0,0,0,0,91.9,76.2,10.3,0,0
28,d_19670801,0,0,0,0,0,0,72.1,19.6,0,0,0
85.7,d_19670901,1,0,0,0,0,0,13.2,0,0,0,0
99,d_19671001,1,0,0,0,0,0,0,0,0,0,0
0.7,d_19671101,0,0,0,0,0,0,99.4,99,95.5,90.5,24.2
1,d_19671201,0,0,0,0,0,0,99,99,95.3,65.8,0.2
88.5,d_19680101,1,0,0,0,0,0,10.5,0,0,0,0
83.5,d_19680201,16.5,1,0,0,0,0,0,0,0,0,0
78.8,d_19680301,21.1,1,0,0,0,0,0,0,0,0,0
73.9,d_19680401,26,1,0,0,0,0,0,0,0,0,0
67.8,d_19680501,32.1,2.5,0,0,0,0,0,0,0,0,0
63.8,d_19680601,36.2,2.9,0,0,0,0,0,0,0,0,0
73.9,d_19680701,26,1,0,0,0,0,0,0,0,0,0
0,d_19680801,100,91.1,14.7,0,0,0,0,0,0,0,0
4.7,d_19680901,95.3,57.2,2.2,0,0,0,0,0,0,0,0
74.9,d_19681001,25.1,0,0,0,0,0,0,0,0,0,0
99.1,d_19681101,0.9,0,0,0,0,0,0,0,0,0,0
28.5,d_19681201,71.5,32,0,0,0,0,0,0,0,0,0
0,d_19690101,0,0,0,0,0,0,100,99,86.2,55.9,6.9
0,d_19690201,0,0,0,0,0,0,99.9,98.9,98.9,97.5,51.6
1,d_19690301,0,0,0,0,0,0,98.9,98.9,93.9,57.5,22.1
1,d_19690401,0,0,0,0,0,0,99,99,93.6,57.8,20.7
1,d_19690501,0,0,0,0,0,0,99,99,91.3,55.5,19.5
1,d_19690601,0,0,0,0,0,0,99,99,92.8,57.3,19.9
1,d_19690701,0,0,0,0,0,0,98.9,98.9,93.6,59,21.6
1,d_19690801,0,0,0,0,0,0,98.9,98.9,95.8,65.7,21.6
1,d_19690901,0,0,0,0,0,0,98.9,98.9,98.9,78,27.2
30.2,d_19691001,0,0,0,0,0,0,69.8,47.6,1.6,0,0
20.8,d_19691101,79.1,3,0,0,0,0,0,0,0,0,0
10.6,d_19691201,89.4,39.7,0,0,0,0,0,0,0,0,0
1.3,d_19700101,98.7,69.6,0,0,0,0,0,0,0,0,0
16.1,d_19700201,84,17.9,0,0,0,0,0,0,0,0,0
65.1,d_19700301,35,2.5,0,0,0,0,0,0,0,0,0
29.4,d_19700401,70.6,19.4,0,0,0,0,0,0,0,0,0
17.2,d_19700501,82.7,33.3,0,0,0,0,0,0,0,0,0
21.9,d_19700601,78.1,28.7,0,0,0,0,0,0,0,0,0
34.6,d_19700701,65.3,16.4,0,0,0,0,0,0,0,0,0
21,d_19700801,78.9,24.1,1,0,0,0,0,0,0,0,0
91,d_19700901,9,1,0,0,0,0,0,0,0,0,0
90.1,d_19701001,9.9,1,0.6,0,0,0,0,0,0,0,0
6.8,d_19701101,0,0,0,0,0,0,93.2,90.2,0.7,0,0
3,d_19701201,0,0,0,0,0,0,97,93.4,87,14.5,0
7.6,d_19710101,0,0,0,0,0,0,92.5,69.9,0,0,0
93.7,d_19710201,0,0,0,0,0,0,6.3,0,0,0,0
95.2,d_19710301,4.8,0.9,0,0,0,0,0,0,0,0,0
96.6,d_19710401,3.4,0.2,0,0,0,0,0,0,0,0,0
98.6,d_19710501,1.4,0,0,0,0,0,0,0,0,0,0
99,d_19710601,1,0,0,0,0,0,0,0,0,0,0
99,d_19710701,1,0,0,0,0,0,0,0,0,0,0
0.1,d_19710801,99.9,27.6,1,0,0,0,0,0,0,0,0
0,d_19710901,100,100,85.3,0,0,0,0,0,0,0,0
0,d_19711001,100,95.9,17.8,0,0,0,0,0,0,0,0
0,d_19711101,100,98.3,67,0,0,0,0,0,0,0,0
1,d_19711201,0,0,0,0,0,0,99,96.1,10.1,0.6,0
91.1,d_19720101,1,0,0,0,0,0,7.9,0,0,0,0
66.1,d_19720201,33.8,1,1,0,0,0,0,0,0,0,0
0.2,d_19720301,99.7,71.7,2,1,0,0,0,0,0,0,0
0,d_19720401,99.9,97.6,12.1,1.3,1,0,0,0,0,0,0
0,d_19720501,100,99.1,22.1,3.4,1,0,0,0,0,0,0
0,d_19720601,99.9,97.8,18,2.4,1,0,0,0,0,0,0
0,d_19720701,99.9,96.5,12.5,1,1,0,0,0,0,0,0
0.6,d_19720801,99.4,59.8,2.4,1,0,0,0,0,0,0,0
0,d_19720901,100,100,100,100,100,0,0,0,0,0,0
0,d_19721001,100,100,100,100,100,0,0,0,0,0,0
52.7,d_19721101,47.2,5.8,0,0,0,0,0,0,0,0,0
99.5,d_19721201,0.5,0,0,0,0,0,0,0,0,0,0
38.7,d_19730101,0,0,0,0,0,0,61.3,0,0,0,0
1,d_19730201,0,0,0,0,0,0,99,98.1,31.2,0.4,0
1,d_19730301,0,0,0,0,0,0,98.9,94.3,12.9,0,0
1,d_19730401,0,0,0,0,0,0,98.9,65.9,0.7,0,0
1,d_19730501,0,0,0,0,0,0,99,59.3,0,0,0
1,d_19730601,0,0,0,0,0,0,99,63.4,0,0,0
1,d_19730701,0,0,0,0,0,0,99,70.7,2.2,0,0
26,d_19730801,0,0,0,0,0,0,74.1,19,0,0,0
2.4,d_19730901,0,0,0,0,0,0,97.7,54.4,0,0,0
12,d_19731001,0,0,0,0,0,0,88,39.7,0,0,0
100,d_19731101,0,0,0,0,0,0,0,0,0,0,0
0.8,d_19731201,99.1,48,0,0,0,0,0,0,0,0,0
9.6,d_19740101,0,0,0,0,0,0,90.4,9.8,0,0,0
100,d_19740201,0,0,0,0,0,0,0,0,0,0,0
100,d_19740301,0,0,0,0,0,0,0,0,0,0,0
100,d_19740401,0,0,0,0,0,0,0,0,0,0,0
99,d_19740501,1,0,0,0,0,0,0,0,0,0,0
100,d_19740601,0,0,0,0,0,0,0,0,0,0,0
100,d_19740701,0,0,0,0,0,0,0,0,0,0,0
100,d_19740801,0,0,0,0,0,0,0,0,0,0,0
99.4,d_19740901,0,0,0,0,0,0,0.6,0,0,0,0
9.1,d_19741001,91,23.9,0,0,0,0,0,0,0,0,0
64.1,d_19741101,35.9,2.6,0,0,0,0,0,0,0,0,0
88.6,d_19741201,0,0,0,0,0,0,11.4,3.9,0,0,0
82,d_19750101,18,0,0,0,0,0,0,0,0,0,0
92.2,d_19750201,7.8,0,0,0,0,0,0,0,0,0,0
99.9,d_19750301,0,0,0,0,0,0,0.1,0,0,0,0
94.9,d_19750401,0,0,0,0,0,0,5.1,0,0,0,0
98.2,d_19750501,0,0,0,0,0,0,1.8,0,0,0,0
96.9,d_19750601,0,0,0,0,0,0,3.1,0,0,0,0
98.4,d_19750701,1.6,0,0,0,0,0,0,0,0,0,0
99.6,d_19750801,0,0,0,0,0,0,0.4,0,0,0,0
97,d_19750901,3,0,0,0,0,0,0,0,0,0,0
50.2,d_19751001,0,0,0,0,0,0,49.8,0,0,0,0
81.2,d_19751101,0,0,0,0,0,0,18.9,3.5,0,0,0
2.7,d_19751201,97.2,89.5,66.4,15.6,0.9,0,0,0,0,0,0
0,d_19760101,100,100,100,100,93.7,0,0,0,0,0,0
5.4,d_19760201,94.7,83.9,34.8,11.3,0,0,0,0,0,0,0
0.6,d_19760301,99.5,95.1,45.5,16.7,0,0,0,0,0,0,0
0.6,d_19760401,99.4,94.1,44.7,16.3,0,0,0,0,0,0,0
0.4,d_19760501,99.6,95,61.1,22.1,2.2,0,0,0,0,0,0
0.6,d_19760601,99.4,95,48.9,18.1,0,0,0,0,0,0,0
0.4,d_19760701,99.5,94.9,46.3,15.3,0,0,0,0,0,0,0
4,d_19760801,95.9,78.8,10.1,0,0,0,0,0,0,0,0
84.4,d_19760901,15.6,0,0,0,0,0,0,0,0,0,0
90,d_19761001,0,0,0,0,0,0,10,0,0,0,0
9.6,d_19761101,90.3,9.8,0,0,0,0,0,0,0,0,0
6.5,d_19761201,93.5,65.7,0,0,0,0,0,0,0,0,0
91.3,d_19770101,8.7,0,0,0,0,0,0,0,0,0,0
4.4,d_19770201,95.6,75,0.9,0,0,0,0,0,0,0,0
4.4,d_19770301,95.6,82.6,1,0,0,0,0,0,0,0,0
0,d_19770401,100,92.9,23.8,1,0,0,0,0,0,0,0
6.6,d_19770501,93.4,78.1,0.9,0,0,0,0,0,0,0,0
0,d_19770601,100,88.5,1.8,0,0,0,0,0,0,0,0
0,d_19770701,99.9,91.5,1,0,0,0,0,0,0,0,0
67.9,d_19770801,26,11.1,0,0,0,6.1,0,0,0,0,0
81.2,d_19770901,18.8,0,0,0,0,0,0,0,0,0,0
5.5,d_19771001,94.4,62.5,0,0,0,0,0,0,0,0,0
22.7,d_19771101,77.3,16.2,0,0,0,0,0,0,0,0,0
45.1,d_19771201,0,0,0,0,0,0,55,4.9,0,0,0
0,d_19780101,0,0,0,0,0,0,100,100,12.4,0,0
0,d_19780201,0,0,0,0,0,0,100,100,100,51.2,0
0,d_19780301,0,0,0,0,0,0,100,100,100,100,99
0,d_19780401,0,0,0,0,0,0,100,100,100,100,99
0,d_19780501,0,0,0,0,0,0,100,100,100,100,99
0,d_19780601,0,0,0,0,0,0,100,100,100,100,99
0,d_19780701,0,0,0,0,0,0,100,100,100,100,100
0,d_19780801,0,0,0,0,0,0,100,100,100,100,100
0,d_19780901,0,0,0,0,0,0,100,100,100,100,98.7
0,d_19781001,0,0,0,0,0,0,100,100,100,100,99
0,d_19781101,0,0,0,0,0,0,99.9,99.9,99.9,98.9,88.5
37,d_19781201,0,0,0,0,0,0,62.9,6.6,0,0,0
15.1,d_19790101,0,0,0,0,0,0,84.9,45.4,0,0,0
8.6,d_19790201,0,0,0,0,0,0,91.4,27,0,0,0
1,d_19790301,0,0,0,0,0,0,99,88.2,0.6,0,0
3.3,d_19790401,0,0,0,0,0,0,96.7,64.6,0,0,0
4.2,d_19790501,0,0,0,0,0,0,95.8,48,0,0,0
11.7,d_19790601,0,0,0,0,0,0,88.3,24.2,0,0,0
4.2,d_19790701,0,0,0,0,0,0,95.8,42.8,0,0,0
11.1,d_19790801,0,0,0,0,0,0,88.9,16.1,0,0,0
1.5,d_19790901,0,0,0,0,0,0,98.5,46.4,0,0,0
48.9,d_19791001,0,0,0,0,0,0,51.1,0,0,0,0
80.2,d_19791101,0,0,0,0,0,0,19.8,0,0,0,0
0,d_19791201,99.9,89.7,34.9,6.9,0,0,0,0,0,0,0
63.6,d_19800101,0,0,0,0,0,0,36.4,4.9,0,0,0
3.1,d_19800201,0,0,0,0,0,0,97,85.5,62.5,17.3,0
0,d_19800301,0,0,0,0,0,0,100,85.1,57.7,14.2,0
0,d_19800401,0,0,0,0,0,0,99.9,88.7,51.3,3.1,0
0,d_19800501,0,0,0,0,0,0,99.9,93.9,51.7,5.5,0
0,d_19800601,0,0,0,0,0,0,100,93,51,2.2,0
0,d_19800701,0,0,0,0,0,0,100,97.7,54.3,9.6,0
0,d_19800801,0,0,0,0,0,0,100,100,57.3,10.6,0
0,d_19800901,0,0,0,0,0,0,100,100,70.4,37.9,0
0,d_19801001,0,0,0,0,0,0,100,100,51.5,0,0
75.8,d_19801101,21.3,1,0,0,0,0,2.8,0,0,0,0
4,d_19801201,95.9,91.6,76.8,24.9,0,0,0,0,0,0,0
0.8,d_19810101,99.3,62,8.8,2.5,0,0,0,0,0,0,0
0,d_19810201,100,100,12.2,4.6,0,0,0,0,0,0,0
66.3,d_19810301,33.7,0,0,0,0,0,0,0,0,0,0
58.2,d_19810401,41.8,3.8,0,0,0,0,0,0,0,0,0
34.8,d_19810501,65.2,18.3,0,0,0,0,0,0,0,0,0
43.3,d_19810601,56.7,11.2,0,0,0,0,0,0,0,0,0
62.3,d_19810701,37.7,0,0,0,0,0,0,0,0,0,0
99.6,d_19810801,0.4,0,0,0,0,0,0,0,0,0,0
100,d_19810901,0,0,0,0,0,0,0,0,0,0,0
97,d_19811001,0,0,0,0,0,0,3,0,0,0,0
11.6,d_19811101,0,0,0,0,0,0,88.4,24,0,0,0
11.6,d_19811201,88.4,36.3,0,0,0,0,0,0,0,0,0
71.4,d_19820101,28.6,0,0,0,0,0,0,0,0,0,0
4.9,d_19820201,95,75.2,0,0,0,0,0,0,0,0,0
88.3,d_19820301,11.7,0,0,0,0,0,0,0,0,0,0
95.8,d_19820401,0.9,0,0,0,0,0,3.4,1.4,0,0,0
90.6,d_19820501,6.4,0,0,0,0,0,3,1.3,0,0,0
93.7,d_19820601,2.9,0,0,0,0,0,3.4,1.4,0,0,0
96.4,d_19820701,1.2,0,0,0,0,0,2.4,0.4,0,0,0
91.3,d_19820801,6.4,0,0,0,0,0,2.4,0.4,0,0,0
93.4,d_19820901,0,0,0,0,0,0,6.7,3.8,0.4,0,0
82.5,d_19821001,0,0,0,0,0,0,17.5,5.7,1.4,0.2,0
0,d_19821101,0,0,0,0,0,0,100,100,94.2,77.5,6.5
1,d_19821201,0,0,0,0,0,0,99,92.9,26.5,3,0.3
0.5,d_19830101,0,0,0,0,0,0,99.4,98.9,71,3.4,0
0,d_19830201,0,0,0,0,0,0,100,100,89.9,9.3,0
0,d_19830301,0,0,0,0,0,0,100,100,100,100,14.9
0,d_19830401,0,0,0,0,0,0,100,100,100,100,61.9
0,d_19830501,0,0,0,0,0,0,100,100,100,100,61.9
0,d_19830601,0,0,0,0,0,0,100,100,100,99.8,41.5
0,d_19830701,0,0,0,0,0,0,100,100,100,100,52.3
0,d_19830801,0,0,0,0,0,0,100,100,100,88.7,0
0,d_19830901,0,0,0,0,0,0,100,100,100,97.8,1.4
0,d_19831001,0,0,0,0,0,0,100,100,100,98.8,25.8
0,d_19831101,0,0,0,0,0,0,100,100,100,100,100
0,d_19831201,0,0,0,0,0,0,99.9,99.9,94.3,82.4,19.5
60.9,d_19840101,0,0,0,0,0,0,39.1,1,0,0,0
97.9,d_19840201,2.1,0,0,0,0,0,0,0,0,0,0
32.5,d_19840301,67.4,6.4,0,0,0,0,0,0,0,0,0
15.1,d_19840401,84.9,34.3,0,0,0,0,0,0,0,0,0
8,d_19840501,92,61.6,1.7,0,0,0,0,0,0,0,0
6.1,d_19840601,93.9,84.2,5.6,0,0,0,0,0,0,0,0
1.8,d_19840701,98.2,91,61.6,3.1,0,0,0,0,0,0,0
0,d_19840801,100,100,92.2,87.5,6.5,0,0,0,0,0,0
0,d_19840901,100,100,96.2,92,87.9,0,0,0,0,0,0
0,d_19841001,99.9,99.9,92.6,88.3,37.8,0,0,0,0,0,0
16.7,d_19841101,83.3,47.3,0.4,0,0,0,0,0,0,0,0
9.4,d_19841201,0,0,0,0,0,0,90.5,33.1,7.3,1,0
89.7,d_19850101,0,0,0,0,0,0,10.3,7.3,0,0,0
89.2,d_19850201,5.7,0,0,0,0,0,5.1,0,0,0,0
72.2,d_19850301,27.8,6.1,0,0,0,0,0,0,0,0,0
36.4,d_19850401,63.6,10.5,0,0,0,0,0,0,0,0,0
17.1,d_19850501,82.9,26.1,1.7,0,0,0,0,0,0,0,0
13.1,d_19850601,86.9,34.7,0,0,0,0,0,0,0,0,0
17.9,d_19850701,82,14.7,0,0,0,0,0,0,0,0,0
8.1,d_19850801,91.9,68.9,3.3,0,0,0,0,0,0,0,0
0,d_19850901,100,99.6,72.3,21.2,0,0,0,0,0,0,0
0,d_19851001,100,100,44.7,6.2,0,0,0,0,0,0,0
90.2,d_19851101,9.8,0,0,0,0,0,0,0,0,0,0
88.9,d_19851201,11.1,1.4,0,0,0,0,0,0,0,0,0
97.2,d_19860101,0,0,0,0,0,0,2.8,0,0,0,0
30.3,d_19860201,0,0,0,0,0,0,69.7,23.1,0,0,0
15.4,d_19860301,0,0,0,0,0,0,84.6,42.3,1.4,0,0
15.9,d_19860401,0,0,0,0,0,0,84.1,39.8,2.1,0,0
17.9,d_19860501,0,0,0,0,0,0,82.2,34.7,1.7,0,0
21.7,d_19860601,0,0,0,0,0,0,78.3,35.4,1.7,0,0
16.1,d_19860701,0,0,0,0,0,0,83.9,41.6,3.6,0,0
60.8,d_19860801,0,0,0,0,0,0,39.2,11.1,0,0,0
23.2,d_19860901,0,0,0,0,0,0,76.8,42.5,0,0,0
11.7,d_19861001,0,0,0,0,0,0,88.3,66.9,4.7,0,0
44.3,d_19861101,0,0,0,0,0,0,55.7,15.9,0,0,0
13,d_19861201,86.9,20.4,0,0,0,0,0,0,0,0,0
0.3,d_19870101,99.7,69.6,0,0,0,0,0,0,0,0,0
0,d_19870201,100,100,21.2,3.2,0,0,0,0,0,0,0
0,d_19870301,100,92.7,17.4,0,0,0,0,0,0,0,0
0,d_19870401,100,99.9,66.5,5.4,0,0,0,0,0,0,0
0,d_19870501,100,99.9,77.7,16.3,0,0,0,0,0,0,0
0,d_19870601,100,100,88.1,40.9,0,0,0,0,0,0,0
0,d_19870701,100,97.9,82.3,18.8,0,0,0,0,0,0,0
0,d_19870801,100,95.5,77.2,22.1,0,0,0,0,0,0,0
1.3,d_19870901,98.6,80.4,1.1,0,0,0,0,0,0,0,0
72.3,d_19871001,27.7,0,0,0,0,0,0,0,0,0,0
81.8,d_19871101,0,0,0,0,0,0,18.1,10.2,0,0,0
37.6,d_19871201,0,0,0,0,0,0,62.4,26,11.7,1.3,0
62.2,d_19880101,0,0,0,0,0,0,37.8,21.7,3.1,0,0
76.1,d_19880201,0,0,0,0,0,0,24,15.9,0,0,0
89,d_19880301,0,0,0,0,0,0,11,0.2,0,0,0
79.6,d_19880401,0,0,0,0,0,0,20.4,8.3,0,0,0
80.7,d_19880501,0,0,0,0,0,0,19.2,7.8,0,0,0
80.3,d_19880601,0,0,0,0,0,0,19.7,8.3,0,0,0
83.9,d_19880701,0.6,0,0,0,0,0,15.5,0,0,0,0
99.9,d_19880801,0.1,0,0,0,0,0,0,0,0,0,0
87,d_19880901,13,0.1,0,0,0,0,0,0,0,0,0
73.7,d_19881001,26.3,0,0,0,0,0,0,0,0,0,0
59.2,d_19881101,40.8,1.7,0,0,0,0,0,0,0,0,0
1.5,d_19881201,0,0,0,0,0,0,98.5,13.5,0,0,0
53.6,d_19890101,46.4,3.6,0,0,0,0,0,0,0,0,0
57.1,d_19890201,42.9,0,0,0,0,0,0,0,0,0,0
0.4,d_19890301,99.6,49.3,0,0,0,0,0,0,0,0,0
0,d_19890401,100,83.1,0,0,0,0,0,0,0,0,0
0,d_19890501,100,91,0,0,0,0,0,0,0,0,0
0,d_19890601,100,87.4,0,0,0,0,0,0,0,0,0
0,d_19890701,100,76.7,0,0,0,0,0,0,0,0,0
0,d_19890801,99.9,55.7,0,0,0,0,0,0,0,0,0
0,d_19890901,100,100,0.6,0,0,0,0,0,0,0,0
0,d_19891001,100,23,0,0,0,0,0,0,0,0,0
0,d_19891101,100,100,99.8,78.2,4,0,0,0,0,0,0
0,d_19891201,100,100,100,100,74.5,0,0,0,0,0,0
0,d_19900101,100,100,35.2,0.6,0,0,0,0,0,0,0
0,d_19900201,100,100,34.7,4,0,0,0,0,0,0,0
0,d_19900301,100,100,97.8,60.9,9.5,0,0,0,0,0,0
0,d_19900401,100,100,100,82.5,25.5,0,0,0,0,0,0
0,d_19900501,100,100,99.1,73.7,14.8,0,0,0,0,0,0
0,d_19900601,100,100,100,77.5,19.7,0,0,0,0,0,0
0,d_19900701,99.9,99.9,99.9,81,18.1,0,0,0,0,0,0
0,d_19900801,100,100,86.2,30.4,0.4,0,0,0,0,0,0
0,d_19900901,100,75.4,0.5,0,0,0,0,0,0,0,0
0,d_19901001,100,95.1,19.4,4.4,0,0,0,0,0,0,0
0,d_19901101,100,100,100,97,59.8,0,0,0,0,0,0
0,d_19901201,100,100,100,96.1,30.5,0,0,0,0,0,0
0,d_19910101,100,100,98.6,34.1,0,0,0,0,0,0,0
0,d_19910201,100,98.9,67.9,10.5,1.7,0,0,0,0,0,0
96.2,d_19910301,0,0,0,0,0,0,3.8,0,0,0,0
100,d_19910401,0,0,0,0,0,0,0,0,0,0,0
100,d_19910501,0,0,0,0,0,0,0,0,0,0,0
100,d_19910601,0,0,0,0,0,0,0,0,0,0,0
100,d_19910701,0,0,0,0,0,0,0,0,0,0,0
95.8,d_19910801,0,0,0,0,0,0,4.2,0,0,0,0
15.9,d_19910901,0,0,0,0,0,0,84.1,8.8,0,0,0
0,d_19911001,0,0,0,0,0,0,100,93.8,1.7,0,0
0,d_19911101,0,0,0,0,0,0,100,97.5,48.6,14.3,0
90.3,d_19911201,9.8,2.1,0,0,0,0,0,0,0,0,0
100,d_19920101,0,0,0,0,0,0,0,0,0,0,0
3.8,d_19920201,0,0,0,0,0,0,96.2,92.6,0,0,0
3.2,d_19920301,0,0,0,0,0,0,96.8,94.4,21.2,0,0
4,d_19920401,0,0,0,0,0,0,96,90.6,7.9,0,0
4.2,d_19920501,0,0,0,0,0,0,95.7,89.9,6.4,0,0
4.2,d_19920601,0,0,0,0,0,0,95.7,89.9,7.1,0,0
3.8,d_19920701,0,0,0,0,0,0,96.2,92.6,13.9,0,0
2.1,d_19920801,0,0,0,0,0,0,98,95.9,29.9,0.6,0
3.8,d_19920901,0,0,0,0,0,0,96.2,92.6,2.3,0,0
1.2,d_19921001,0,0,0,0,0,0,98.8,96.2,84.2,21.4,0
70.9,d_19921101,3.4,0,0,0,0,0,25.7,1.1,0,0,0
76.5,d_19921201,1,0,0,0,0,0,22.5,1.7,0,0,0
0,d_19930101,0,0,0,0,0,0,99.9,99.9,97.2,71.2,15.9
0,d_19930201,0,0,0,0,0,0,100,100,100,94.5,62
0,d_19930301,0,0,0,0,0,0,100,100,100,92.1,48.1
0,d_19930401,0,0,0,0,0,0,100,100,100,80.2,18.2
0,d_19930501,0,0,0,0,0,0,99.9,99.9,99.9,79.9,18.2
0,d_19930601,0,0,0,0,0,0,100,100,100,82.4,21.3
0,d_19930701,0,0,0,0,0,0,100,100,100,80.9,21.1
0,d_19930801,0,0,0,0,0,0,100,100,100,89,35
0,d_19930901,0,0,0,0,0,0,100,100,98.7,67.8,0.6
0,d_19931001,0,0,0,0,0,0,100,73.7,0,0,0
100,d_19931101,0,0,0,0,0,0,0,0,0,0,0
0,d_19931201,100,97,3.8,0,0,0,0,0,0,0,0
0,d_19940101,99.9,97.2,0,0,0,0,0,0,0,0,0
88.1,d_19940201,11.9,0,0,0,0,0,0,0,0,0,0
47.7,d_19940301,52.3,1.1,0,0,0,0,0,0,0,0,0
19.9,d_19940401,80.2,1.1,0,0,0,0,0,0,0,0,0
25.1,d_19940501,75,1.7,0,0,0,0,0,0,0,0,0
31.6,d_19940601,68.4,1.1,0,0,0,0,0,0,0,0,0
50.1,d_19940701,49.8,0.7,0,0,0,0,0,0,0,0,0
87.2,d_19940801,12.8,0,0,0,0,0,0,0,0,0,0
100,d_19940901,0,0,0,0,0,0,0,0,0,0,0
88.7,d_19941001,0,0,0,0,0,0,11.3,0,0,0,0
96.4,d_19941101,3.6,0,0,0,0,0,0,0,0,0,0
57.1,d_19941201,42.5,0,0,0,0,0,0.4,0,0,0,0
0,d_19950101,0,0,0,0,0,0,100,100,100,100,67.2
0,d_19950201,0,0,0,0,0,0,100,100,95.5,29.2,0
0,d_19950301,0,0,0,0,0,0,100,100,100,98.5,45.7
0,d_19950401,0,0,0,0,0,0,100,100,100,97.6,26.5
0,d_19950501,0,0,0,0,0,0,100,100,100,99,54.9
0,d_19950601,0,0,0,0,0,0,100,100,100,100,55.1
0,d_19950701,0,0,0,0,0,0,100,100,100,100,67.2
0,d_19950801,0,0,0,0,0,0,100,100,100,100,58.5
0,d_19950901,0,0,0,0,0,0,100,100,100,100,79
1.7,d_19951001,0,0,0,0,0,0,98.3,59.5,1.7,0,0
0,d_19951101,0,0,0,0,0,0,100,100,54.3,1.7,0
60.6,d_19951201,39.5,1.1,0,0,0,0,0,0,0,0,0
23.8,d_19960101,76.2,2.9,0,0,0,0,0,0,0,0,0
96,d_19960201,3.4,0,0,0,0,0,0.6,0,0,0,0
86.1,d_19960301,13.9,1.5,0,0,0,0,0,0,0,0,0
83,d_19960401,17,7.8,0,0,0,0,0,0,0,0,0
77,d_19960501,23,10,0,0,0,0,0,0,0,0,0
80.1,d_19960601,19.8,8.3,0,0,0,0,0,0,0,0,0
84.3,d_19960701,15.7,2.4,0,0,0,0,0,0,0,0,0
97.3,d_19960801,2.7,0,0,0,0,0,0,0,0,0,0
94.3,d_19960901,5.7,0,0,0,0,0,0,0,0,0,0
27.1,d_19961001,0,0,0,0,0,0,72.9,7.7,0,0,0
66.2,d_19961101,0.2,0,0,0,0,0,33.6,0,0,0,0
3.5,d_19961201,0,0,0,0,0,0,96.5,88.2,53.4,2.9,0
3.1,d_19970101,0,0,0,0,0,0,96.9,89.3,52.8,0.6,0
13,d_19970201,0,0,0,0,0,0,87.1,33.5,0,0,0
98.1,d_19970301,0,0,0,0,0,0,1.9,0,0,0,0
92,d_19970401,7.4,0,0,0,0,0,0.6,0,0,0,0
90.5,d_19970501,9.1,0,0,0,0,0,0.4,0,0,0,0
91.6,d_19970601,8,0,0,0,0,0,0.4,0,0,0,0
81.9,d_19970701,18.1,10,0,0,0,0,0,0,0,0,0
71.1,d_19970801,28.9,11.6,0,0,0,0,0,0,0,0,0
10.7,d_19970901,89.2,67.8,0,0,0,0,0,0,0,0,0
0,d_19971001,100,100,100,92.7,88.5,0,0,0,0,0,0
0,d_19971101,100,92.7,11.5,0,0,0,0,0,0,0,0
0.6,d_19971201,0,0,0,0,0,0,99.4,83.9,0,0,0
0.1,d_19980101,0,0,0,0,0,0,99.9,83.8,0,0,0
0,d_19980201,0,0,0,0,0,0,100,100,100,99.9,98.8
0,d_19980301,0,0,0,0,0,0,100,100,100,99.9,98.7
0,d_19980401,0,0,0,0,0,0,100,100,100,100,98.7
0,d_19980501,0,0,0,0,0,0,100,100,100,100,99.9
0,d_19980601,0,0,0,0,0,0,100,100,100,100,99.9
0,d_19980701,0,0,0,0,0,0,100,100,100,100,99.9
0,d_19980801,0,0,0,0,0,0,100,100,100,100,98.7
0,d_19980901,0,0,0,0,0,0,100,100,100,100,80.3
0,d_19981001,0,0,0,0,0,0,100,100,100,100,99.9
0,d_19981101,0,0,0,0,0,0,99.9,64.1,18.2,7,0
80.4,d_19981201,0,0,0,0,0,0,19.6,12,0,0,0
75,d_19990101,10.4,0,0,0,0,0,14.6,4.1,0,0,0
16.3,d_19990201,83.8,78.4,44.3,2.2,0,0,0,0,0,0,0
15.9,d_19990301,84.1,78.3,15,0,0,0,0,0,0,0,0
22,d_19990401,77.7,46.7,0,0,0,0,0.4,0,0,0,0
20.7,d_19990501,79.1,66.8,0,0,0,0,0.2,0,0,0,0
20.5,d_19990601,79.5,63.3,0,0,0,0,0,0,0,0,0
22.2,d_19990701,77.6,30,0,0,0,0,0.2,0,0,0,0
23.8,d_19990801,76.1,7.6,0,0,0,0,0,0,0,0,0
96.6,d_19990901,3,0,0,0,0,0,0.4,0,0,0,0
99.3,d_19991001,0.7,0,0,0,0,0,0,0,0,0,0
100,d_19991101,0,0,0,0,0,0,0,0,0,0,0
26.1,d_19991201,73.9,21.4,0,0,0,0,0,0,0,0,0
0,d_20000101,99.9,99.9,75,18.4,0,0,0,0,0,0,0
95.3,d_20000201,4.7,0,0,0,0,0,0,0,0,0,0
90.2,d_20000301,9.8,0,0,0,0,0,0,0,0,0,0
99.6,d_20000401,0.4,0,0,0,0,0,0,0,0,0,0
98.6,d_20000501,1.4,0,0,0,0,0,0,0,0,0,0
99.2,d_20000601,0.8,0,0,0,0,0,0,0,0,0,0
100,d_20000701,0,0,0,0,0,0,0,0,0,0,0
100,d_20000801,0,0,0,0,0,0,0,0,0,0,0
43.3,d_20000901,0,0,0,0,0,0,56.7,0,0,0,0
0,d_20001001,0,0,0,0,0,0,100,85.4,0.5,0,0
100,d_20001101,0,0,0,0,0,0,0,0,0,0,0
41,d_20001201,59,22.3,0,0,0,0,0,0,0,0,0
99.2,d_20010101,0.8,0,0,0,0,0,0,0,0,0,0
69,d_20010201,0,0,0,0,0,0,31,0.8,0,0,0
26.4,d_20010301,0,0,0,0,0,0,73.6,1.2,0,0,0
26.3,d_20010401,0,0,0,0,0,0,73.7,1.8,0,0,0
33.4,d_20010501,0,0,0,0,0,0,66.6,0.6,0,0,0
31.9,d_20010601,0,0,0,0,0,0,68.1,1,0,0,0
50,d_20010701,0,0,0,0,0,0,50.1,0.3,0,0,0
12.8,d_20010801,0,0,0,0,0,0,87.2,3.6,0,0,0
0,d_20010901,0,0,0,0,0,0,100,88.9,0.3,0,0
10,d_20011001,0,0,0,0,0,0,90,71.5,0,0,0
25.8,d_20011101,0,0,0,0,0,0,74.2,41.8,1.4,0,0
100,d_20011201,0,0,0,0,0,0,0,0,0,0,0
42.4,d_20020101,57.6,8,0,0,0,0,0,0,0,0,0
0,d_20020201,100,99.8,12.7,1.9,0,0,0,0,0,0,0
0,d_20020301,100,100,99.4,24,0.8,0,0,0,0,0,0
0,d_20020401,100,100,100,79.3,10.2,0,0,0,0,0,0
0,d_20020501,100,100,100,97.1,12.2,0,0,0,0,0,0
0,d_20020601,99.9,99.9,99.9,92.7,10.2,0,0,0,0,0,0
0,d_20020701,99.9,99.9,99.9,90.7,9.4,0,0,0,0,0,0
0,d_20020801,100,100,100,100,98.1,0,0,0,0,0,0
0,d_20020901,100,100,100,100,98.2,0,0,0,0,0,0
0,d_20021001,100,100,100,100,99,0,0,0,0,0,0
38.3,d_20021101,61.7,33.2,9.5,4.8,0,0,0,0,0,0,0
38.7,d_20021201,6.5,0,0,0,0,0,54.8,10.6,0,0,0
87.2,d_20030101,12.8,9.4,0,0,0,0,0,0,0,0,0
96.9,d_20030201,0,0,0,0,0,0,3.1,0,0,0,0
98,d_20030301,0,0,0,0,0,0,2,0,0,0,0
91.3,d_20030401,0,0,0,0,0,0,8.7,0,0,0,0
67.6,d_20030501,0,0,0,0,0,0,32.4,1.3,0,0,0
61,d_20030601,0,0,0,0,0,0,39,1.7,0,0,0
18,d_20030701,0,0,0,0,0,0,82,8,0,0,0
85.6,d_20030801,0,0,0,0,0,0,14.4,0,0,0,0
86.3,d_20030901,0,0,0,0,0,0,13.7,0,0,0,0
11.8,d_20031001,0,0,0,0,0,0,88.2,35.9,0,0,0
57.6,d_20031101,0,0,0,0,0,0,42.5,0.5,0,0,0
83.5,d_20031201,0,0,0,0,0,0,16.5,0,0,0,0
20.9,d_20040101,79.1,16,0,0,0,0,0,0,0,0,0
89,d_20040201,11,0,0,0,0,0,0,0,0,0,0
4.1,d_20040301,95.9,15.7,0,0,0,0,0,0,0,0,0
0,d_20040401,100,54.7,0,0,0,0,0,0,0,0,0
0,d_20040501,100,87.6,0,0,0,0,0,0,0,0,0
0,d_20040601,100,76.8,0,0,0,0,0,0,0,0,0
0,d_20040701,100,55.6,0,0,0,0,0,0,0,0,0
0,d_20040801,100,36.7,0,0,0,0,0,0,0,0,0
4.2,d_20040901,95.7,6.3,0,0,0,0,0,0,0,0,0
72.9,d_20041001,0,0,0,0,0,0,27.1,0,0,0,0
52.6,d_20041101,47.4,9.3,0,0,0,0,0,0,0,0,0
0.1,d_20041201,0,0,0,0,0,0,99.9,98.4,73.4,14.4,0
0,d_20050101,0,0,0,0,0,0,100,100,100,98.6,78
0,d_20050201,0,0,0,0,0,0,99.9,99.9,99.8,98.6,96.7
0,d_20050301,0,0,0,0,0,0,100,100,98.6,97,90
0,d_20050401,0,0,0,0,0,0,100,100,98,96.8,90.5
0,d_20050501,0,0,0,0,0,0,100,100,98.6,97.4,94.7
0,d_20050601,0,0,0,0,0,0,100,100,98.7,97.7,94.7
0,d_20050701,0,0,0,0,0,0,100,99.6,97.6,95.6,53
0,d_20050801,0,0,0,0,0,0,100,99.9,98,96.4,71.5
0,d_20050901,0,0,0,0,0,0,100,98.6,95.2,70.4,0.7
2.6,d_20051001,0,0,0,0,0,0,97.4,85.5,27.2,9.1,0.4
86.1,d_20051101,0,0,0,0,0,0,13.9,9.6,0,0,0
82.5,d_20051201,5.3,0,0,0,0,0,12.2,7.2,0,0,0
93.3,d_20060101,6.7,0,0,0,0,0,0,0,0,0,0
70,d_20060201,29.9,0.7,0,0,0,0,0,0,0,0,0
85.1,d_20060301,14.9,0.7,0,0,0,0,0,0,0,0,0
86.2,d_20060401,0,0,0,0,0,0,13.8,0,0,0,0
84.1,d_20060501,0,0,0,0,0,0,15.9,0,0,0,0
84.5,d_20060601,0,0,0,0,0,0,15.5,0,0,0,0
88.9,d_20060701,0,0,0,0,0,0,11.1,0,0,0,0
84.6,d_20060801,0,0,0,0,0,0,15.4,0,0,0,0
67.2,d_20060901,0,0,0,0,0,0,32.8,8.6,0,0,0
37,d_20061001,0,0,0,0,0,0,63,7.9,0,0,0
30.2,d_20061101,0,0,0,0,0,0,69.8,23.8,0,0,0
96.6,d_20061201,0,0,0,0,0,0,3.4,0,0,0,0
0,d_20070101,100,81.7,15.4,2,0,0,0,0,0,0,0
0,d_20070201,100,100,83.8,31.1,0.5,0,0,0,0,0,0
0,d_20070301,100,100,96.3,87.1,40.7,0,0,0,0,0,0
0,d_20070401,99.9,99.9,98.6,88.1,41.8,0,0,0,0,0,0
0,d_20070501,100,100,100,89.1,57.2,0,0,0,0,0,0
0,d_20070601,100,100,100,88.3,49.9,0,0,0,0,0,0
0,d_20070701,99.9,99.9,96.6,88.3,44,0,0,0,0,0,0
0,d_20070801,100,100,88.4,53.3,7.4,0,0,0,0,0,0
0,d_20070901,100,100,22.2,0.2,0,0,0,0,0,0,0
0,d_20071001,100,95.6,24.7,4.1,0,0,0,0,0,0,0
0,d_20071101,100,100,91.1,76,25.4,0,0,0,0,0,0
4.1,d_20071201,95.9,70,0.8,0,0,0,0,0,0,0,0
40.2,d_20080101,0,0,0,0,0,0,59.8,25.8,0,0,0
78.7,d_20080201,0,0,0,0,0,0,21.3,1.5,0,0,0
76.4,d_20080301,23.6,2.6,0,0,0,0,0,0,0,0,0
55.8,d_20080401,44.2,14.6,0,0,0,0,0,0,0,0,0
51,d_20080501,49,19.7,0,0,0,0,0,0,0,0,0
42.1,d_20080601,57.9,22.8,0.3,0,0,0,0,0,0,0,0
49.2,d_20080701,50.8,16.8,0,0,0,0,0,0,0,0,0
75.9,d_20080801,24.1,1.9,0,0,0,0,0,0,0,0,0
92.5,d_20080901,7.5,1,0,0,0,0,0,0,0,0,0
0,d_20081001,100,100,100,85,14.3,0,0,0,0,0,0
0,d_20081101,100,89.9,66.4,40,2.3,0,0,0,0,0,0
67.7,d_20081201,29.6,1,0,0,0,0,2.8,0,0,0,0
29.8,d_20090101,70.1,26.7,0,0,0,0,0,0,0,0,0
98.4,d_20090201,1.6,0.2,0,0,0,0,0,0,0,0,0
25.8,d_20090301,74.2,4.6,0,0,0,0,0,0,0,0,0
12.8,d_20090401,87.2,57.6,1,0,0,0,0,0,0,0,0
8.2,d_20090501,91.7,68.3,1,0.2,0,0,0,0,0,0,0
12.2,d_20090601,87.7,62.3,1,0,0,0,0,0,0,0,0
17.4,d_20090701,82.5,48.9,1,0,0,0,0,0,0,0,0
0,d_20090801,100,77.9,0.2,0,0,0,0,0,0,0,0
0,d_20090901,99.9,69.8,1,0.5,0,0,0,0,0,0,0
95.8,d_20091001,4.2,0,0,0,0,0,0,0,0,0,0
0,d_20091101,100,99.6,56.9,24.5,1.4,0,0,0,0,0,0
83.2,d_20091201,16.8,0.8,0,0,0,0,0,0,0,0,0
27.6,d_20100101,0,0,0,0,0,0,72.4,6.1,0,0,0
21.3,d_20100201,0,0,0,0,0,0,78.7,6.5,0,0,0
98.4,d_20100301,0,0,0,0,0,0,1.6,0,0,0,0
90.9,d_20100401,0,0,0,0,0,0,9.1,0,0,0,0
95.6,d_20100501,0.3,0,0,0,0,0,4.1,0,0,0,0
94.5,d_20100601,0,0,0,0,0,0,5.5,0,0,0,0
99.8,d_20100701,0.2,0,0,0,0,0,0,0,0,0,0
92.3,d_20100801,0,0,0,0,0,0,7.7,0,0,0,0
98,d_20100901,0,0,0,0,0,0,2,0,0,0,0
100,d_20101001,0,0,0,0,0,0,0,0,0,0,0
99.7,d_20101101,0.3,0,0,0,0,0,0,0,0,0,0
0,d_20101201,0,0,0,0,0,0,100,100,100,100,40.3
0,d_20110101,0,0,0,0,0,0,99.9,73.7,8.9,0,0
0.4,d_20110201,0,0,0,0,0,0,99.6,36.7,0.6,0,0
0,d_20110301,0,0,0,0,0,0,100,97.2,22,0.6,0
0,d_20110401,0,0,0,0,0,0,100,55.1,6.6,0.3,0
0,d_20110501,0,0,0,0,0,0,100,59.8,9.8,0.3,0
0,d_20110601,0,0,0,0,0,0,99.9,70.8,11.9,0.6,0
0.9,d_20110701,0,0,0,0,0,0,99.1,41.2,1.8,0.3,0
0,d_20110801,0,0,0,0,0,0,100,44.8,2.8,0.3,0
99.5,d_20110901,0.5,0,0,0,0,0,0,0,0,0,0
36,d_20111001,0,0,0,0,0,0,63.9,7.7,0,0,0
6.2,d_20111101,0,0,0,0,0,0,93.8,72.9,9.3,0,0
19.8,d_20111201,80.2,21.8,0,0,0,0,0,0,0,0,0
8.4,d_20120101,91.6,39.1,0,0,0,0,0,0,0,0,0
0,d_20120201,100,100,87.5,33.3,0,0,0,0,0,0,0
0,d_20120301,100,99.9,43.8,0,0,0,0,0,0,0,0
0,d_20120401,100,88.4,0,0,0,0,0,0,0,0,0
0,d_20120501,100,93.7,0.3,0,0,0,0,0,0,0,0
0,d_20120601,100,92.1,0,0,0,0,0,0,0,0,0
0,d_20120701,100,93.7,1.2,0,0,0,0,0,0,0,0
0,d_20120801,100,100,11.8,0,0,0,0,0,0,0,0
0,d_20120901,100,21,0,0,0,0,0,0,0,0,0
47.3,d_20121001,52.7,0,0,0,0,0,0,0,0,0,0
100,d_20121101,0,0,0,0,0,0,0,0,0,0,0
99.4,d_20121201,0,0,0,0,0,0,0.6,0,0,0,0
2.2,d_20130101,97.8,32.5,1.4,0,0,0,0,0,0,0,0
0,d_20130201,99.9,99.3,44.9,2.9,0.1,0,0,0,0,0,0
0,d_20130301,100,100,96.5,25.5,1,0,0,0,0,0,0
0,d_20130401,100,100,99,89,3.9,0,0,0,0,0,0
0,d_20130501,99.9,99.9,98.9,92.3,8.3,0,0,0,0,0,0
0,d_20130601,99.9,99.9,98.9,88.2,5.2,0,0,0,0,0,0
0,d_20130701,100,100,97.9,74.2,3.6,0,0,0,0,0,0
0,d_20130801,100,100,89.5,74.6,4.1,0,0,0,0,0,0
0,d_20130901,100,100,97,80.7,6.7,0,0,0,0,0,0
0,d_20131001,99.9,99.9,99.9,86.5,14,0,0,0,0,0,0
0,d_20131101,100,100,89.6,69.4,6.4,0,0,0,0,0,0
0,d_20131201,100,100,100,89.7,53.9,0,0,0,0,0,0
0,d_20140101,100,100,100,99.7,83.8,0,0,0,0,0,0
0,d_20140201,100,100,66.6,13.2,4,0,0,0,0,0,0
0,d_20140301,100,100,78.4,7.7,2.4,0,0,0,0,0,0
0,d_20140401,100,100,99.3,34.8,3,0,0,0,0,0,0
0,d_20140501,100,100,100,58.6,5.1,0,0,0,0,0,0
0,d_20140601,100,100,100,46.8,3.5,0,0,0,0,0,0
0,d_20140701,100,100,98.5,29.7,2.6,0,0,0,0,0,0
0,d_20140801,100,100,52.2,5.1,1.4,0,0,0,0,0,0
0,d_20140901,99.9,57.3,2.3,0.3,0,0,0,0,0,0,0
90.3,d_20141001,9.7,3,0,0,0,0,0,0,0,0,0
0,d_20141101,100,94.4,26.9,3.5,0.5,0,0,0,0,0,0
84.7,d_20141201,0,0,0,0,0,0,15.4,3.1,0,0,0
100,d_20150101,0,0,0,0,0,0,0,0,0,0,0
52.8,d_20150201,47.2,0,0,0,0,0,0,0,0,0,0
4.1,d_20150301,95.9,51.3,0,0,0,0,0,0,0,0,0
0,d_20150401,100,76.5,2.3,0,0,0,0,0,0,0,0
0,d_20150501,100,78.7,5.1,0,0,0,0,0,0,0,0
1.2,d_20150601,98.7,68.3,0,0,0,0,0,0,0,0,0
10.1,d_20150701,89.9,61.1,0,0,0,0,0,0,0,0,0
23.3,d_20150801,76.7,22,0,0,0,0,0,0,0,0,0
0,d_20150901,100,100,31,4,0,0,0,0,0,0,0
0,d_20151001,100,100,37.5,0.8,0,0,0,0,0,0,0
0,d_20151101,100,96.1,64.1,35.1,0,0,0,0,0,0,0
9.6,d_20151201,90.4,85.3,59.1,21,0,0,0,0,0,0,0
63.7,d_20160101,36.3,0,0,0,0,0,0,0,0,0,0
11.4,d_20160201,88.6,71.1,0,0,0,0,0,0,0,0,0
7.1,d_20160301,93,74.4,0,0,0,0,0,0,0,0,0
0,d_20160401,99.9,84.3,2.1,0,0,0,0,0,0,0,0
0,d_20160501,100,84.4,12.8,0,0,0,0,0,0,0,0
0,d_20160601,100,85.7,26.4,0,0,0,0,0,0,0,0
0.5,d_20160701,99.5,82.5,21.2,0,0,0,0,0,0,0,0
8.3,d_20160801,91.6,69.5,0,0,0,0,0,0,0,0,0
68.6,d_20160901,31.4,0,0,0,0,0,0,0,0,0,0
0,d_20161001,100,39.1,0,0,0,0,0,0,0,0,0
27,d_20161101,73,0,0,0,0,0,0,0,0,0,0
96.1,d_20161201,0,0,0,0,0,0,3.9,0.2,0,0,0
0,d_20170101,0,0,0,0,0,0,100,96.5,20.3,0.2,0
0,d_20170201,0,0,0,0,0,0,100,100,74.5,25.7,0
0,d_20170301,0,0,0,0,0,0,100,97.8,17.5,0,0
0,d_20170401,0,0,0,0,0,0,100,63,1,0,0
0,d_20170501,0,0,0,0,0,0,100,59,0.6,0,0
0,d_20170601,0,0,0,0,0,0,100,63,0.6,0,0
0,d_20170701,0,0,0,0,0,0,100,71.3,4.8,0,0
0,d_20170801,0,0,0,0,0,0,100,86.9,6.3,0,0
0,d_20170901,0,0,0,0,0,0,100,55.4,0,0,0
100,d_20171001,0,0,0,0,0,0,0,0,0,0,0
0,d_20171101,100,100,100,100,93.3,0,0,0,0,0,0
0,d_20171201,100,100,100,100,100,0,0,0,0,0,0
0,d_20180101,99.9,91.8,76.6,52.7,14.8,0,0,0,0,0,0
0,d_20180201,99.9,99.9,94.9,86.9,74,0,0,0,0,0,0
0,d_20180301,100,86.4,32.4,0.3,0,0,0,0,0,0,0
0,d_20180401,100,100,47.6,15.9,0,0,0,0,0,0,0
0,d_20180501,100,100,59.5,31.9,0,0,0,0,0,0,0
0,d_20180601,100,100,59.2,26.4,0,0,0,0,0,0,0
0,d_20180701,100,100,45.9,11.8,0,0,0,0,0,0,0
0,d_20180801,100,73.3,3.4,0,0,0,0,0,0,0,0
55.4,d_20180901,44.6,0,0,0,0,0,0,0,0,0,0
57.5,d_20181001,42.5,4.2,0,0,0,0,0,0,0,0,0
78.9,d_20181101,0,0,0,0,0,0,21.1,0,0,0,0
18.5,d_20181201,81.5,7.5,0,0,0,0,0,0,0,0,0
30.9,d_20190101,0,0,0,0,0,0,69.1,0.4,0,0,0
0,d_20190201,0,0,0,0,0,0,100,67.5,0,0,0
0,d_20190301,0,0,0,0,0,0,100,54.2,0,0,0
5.2,d_20190401,0,0,0,0,0,0,94.9,7.8,0,0,0
0,d_20190501,0,0,0,0,0,0,100,41.9,0,0,0
0,d_20190601,0,0,0,0,0,0,100,53.4,0,0,0
0,d_20190701,0,0,0,0,0,0,100,83.6,0,0,0
0,d_20190801,0,0,0,0,0,0,100,77.6,0,0,0
0,d_20190901,0,0,0,0,0,0,100,99.6,0,0,0
26.6,d_20191001,0,0,0,0,0,0,73.4,0,0,0,0
84.1,d_20191101,0,0,0,0,0,0,15.9,0.4,0,0,0
0,d_20191201,0,0,0,0,0,0,100,81.9,8.8,0.2,0
69.7,d_20200101,0,0,0,0,0,0,30.3,0.9,0,0,0
47.7,d_20200201,52.2,8.3,0,0,0,0,0,0,0,0,0
90.9,d_20200301,9,0,0,0,0,0,0.2,0,0,0,0
83.9,d_20200401,0,0,0,0,0,0,16.1,0,0,0,0
86.3,d_20200501,0,0,0,0,0,0,13.7,0,0,0,0
84.8,d_20200601,0,0,0,0,0,0,15.2,0,0,0,0
78.4,d_20200701,0,0,0,0,0,0,21.6,4.9,0,0,0
92.7,d_20200801,0,0,0,0,0,0,7.3,0.4,0,0,0
61.6,d_20200901,38.4,1.1,0,0,0,0,0,0,0,0,0
95,d_20201001,0,0,0,0,0,0,5,0,0,0,0
48.7,d_20201101,0,0,0,0,0,0,51.3,26,0,0,0
100,d_20201201,0,0,0,0,0,0,0,0,0,0,0
0,d_20210101,100,99.8,22.2,0.9,0,0,0,0,0,0,0
0,d_20210201,100,100,100,94.7,28.9,0,0,0,0,0,0
0,d_20210301,100,100,100,100,74.7,0,0,0,0,0,0
0,d_20210401,100,100,100,100,90.7,0,0,0,0,0,0
0,d_20210501,100,100,100,100,98.5,0,0,0,0,0,0
0,d_20210601,100,100,100,100,97.1,0,0,0,0,0,0
0,d_20210701,100,100,100,100,90.5,0,0,0,0,0,0
0,d_20210801,100,100,100,94.2,34,0,0,0,0,0,0
0,d_20210901,99.9,99.9,99.5,81.3,9.5,0,0,0,0,0,0
0,d_20211001,100,100,99.9,77.5,2.4,0,0,0,0,0,0
0,d_20211101,100,100,99.5,87.7,13.8,0,0,0,0,0,0
11,d_20211201,0,0,0,0,0,0,88.9,71.6,32.9,2.6,0
38.2,d_20220101,0,0,0,0,0,0,61.8,10.4,0,0,0
99.9,d_20220201,0.1,0,0,0,0,0,0,0,0,0,0
97,d_20220301,3,0,0,0,0,0,0,0,0,0,0
89.2,d_20220401,10.8,0.6,0,0,0,0,0,0,0,0,0
71,d_20220501,29,2.7,0,0,0,0,0,0,0,0,0
80.1,d_20220601,19.9,1.2,0,0,0,0,0,0,0,0,0
62.5,d_20220701,37.5,4.8,0,0,0,0,0,0,0,0,0
94.2,d_20220801,5.8,0,0,0,0,0,0,0,0,0,0
0,d_20220901,99.9,99.9,99.7,88.3,29.8,0,0,0,0,0,0
0,d_20221001,100,100,90.7,53.2,0,0,0,0,0,0,0
7.6,d_20221101,92.3,79.2,0.3,0,0,0,0,0,0,0,0
100,d_20221201,0,0,0,0,0,0,0,0,0,0,0
0,d_20230101,0,0,0,0,0,0,100,100,91.1,4.5,0
0,d_20230201,0,0,0,0,0,0,100,100,93.7,44.1,0
0,d_20230301,0,0,0,0,0,0,100,100,99.8,94.1,13.8
0,d_20230401,0,0,0,0,0,0,100,100,97.5,73.3,0.3
0,d_20230501,0,0,0,0,0,0,100,100,97.9,80.4,3
0,d_20230601,0,0,0,0,0,0,100,100,96.3,79.3,1.6
0,d_20230701,0,0,0,0,0,0,99.9,99.9,99.3,92,21.1
0,d_20230801,0,0,0,0,0,0,100,100,99,88.9,14
0,d_20230901,0,0,0,0,0,0,100,100,98.3,66.3,0
9.3,d_20231001,0,0,0,0,0,0,90.6,79.5,1.1,0,0
8.9,d_20231101,0,0,0,0,0,0,91,75.2,0,0,0
97.8,d_20231201,0.4,0,0,0,0,0,1.8,0,0,0,0
99.9,d_20240101,0,0,0,0,0,0,0.1,0,0,0,0
0,d_20240201,0,0,0,0,0,0,100,100,9.8,0,0
0,d_20240301,0,0,0,0,0,0,100,100,15.3,1.8,0
0,d_20240401,0,0,0,0,0,0,100,100,12.6,0.6,0
0,d_20240501,0,0,0,0,0,0,99.9,97.7,8.2,0.4,0
0,d_20240601,0,0,0,0,0,0,100,98.1,8.2,0.4,0
0,d_20240701,0,0,0,0,0,0,100,100,14.7,1,0
0,d_20240801,0,0,0,0,0,0,100,100,33.5,1.5,0
0,d_20240901,0,0,0,0,0,0,100,100,33.1,1.7,0
0,d_20241001,0,0,0,0,0,0,100,100,7.3,0.2,0
0,d_20241101,0,0,0,0,0,0,100,100,78.5,1.5,0
94.2,d_20241201,5.8,0,0,0,0,0,0,0,0,0,0
0,d_20250101,100,100,95.2,70.2,7.5,0,0,0,0,0,0
0,d_20250201,100,100,100,100,92.4,0,0,0,0,0,0
0,d_20250301,100,100,98.9,20.8,0.5,0,0,0,0,0,0
0,d_20250401,99.9,99.9,51.6,3.1,0,0,0,0,0,0,0
0,d_20250501,100,100,90.9,16.6,0,0,0,0,0,0,0
0,d_20250601,100,100,100,32.7,0,0,0,0,0,0,0
0,d_20250701,100,100,99.3,25.4,0,0,0,0,0,0,0
0,d_20250801,100,100,84.1,12.3,0,0,0,0,0,0,0
0,d_20250901,100,100,14.1,0,0,0,0,0,0,0,0
11.4,d_20251001,88.6,0,0,0,0,0,0,0,0,0,0
100,d_20251101,0,0,0,0,0,0,0,0,0,0,0
0,d_20251201,0,0,0,0,0,0,100,100,38.3,9,0
0,d_20260101,0,0,0,0,0,0,100,100,100,100,90.5
0,d_20260201,0,0,0,0,0,0,100,100,100,62.7,21.3
0,d_20260301,0,0,0,0,0,0,100,100,100,40.5,6.7
98.8,d_20260401,1.2,0,0,0,0,0,0,0,0,0,0
0,d_20260501,0,0,0,0,0,0,100,100,0,0,0
